[
{
    "model": "auth.user",
    "pk": 1,
    "fields": {
        "password": "pbkdf2_sha256$216000$hjtr13WgCoAP$HGX5dD1wcybwjBJOsKvMKORjCys3gR/3Z159B308pWo=",
        "last_login": "2021-03-23T14:05:10.191Z",
        "is_superuser": true,
        "username": "modularadmin",
        "first_name": "",
        "last_name": "",
        "email": "fcog111@gmail.com",
        "is_staff": true,
        "is_active": true,
        "date_joined": "2021-02-24T14:38:57.194Z",
        "groups": [],
        "user_permissions": []
    }
},
{
    "model": "contenttypes.contenttype",
    "pk": 39,
    "fields": {
        "app_label": "homes",
        "model": "elevationgalleryimage"
    }
},
{
    "model": "contenttypes.contenttype",
    "pk": 40,
    "fields": {
        "app_label": "homes",
        "model": "floorplangalleryimage"
    }
},
{
    "model": "contenttypes.contenttype",
    "pk": 41,
    "fields": {
        "app_label": "homes",
        "model": "homesindexpage"
    }
},
{
    "model": "contenttypes.contenttype",
    "pk": 42,
    "fields": {
        "app_label": "homes",
        "model": "stylecategory"
    }
},
{
    "model": "contenttypes.contenttype",
    "pk": 43,
    "fields": {
        "app_label": "homes",
        "model": "homepage"
    }
},
{
    "model": "contenttypes.contenttype",
    "pk": 44,
    "fields": {
        "app_label": "partners",
        "model": "locationcategory"
    }
},
{
    "model": "contenttypes.contenttype",
    "pk": 45,
    "fields": {
        "app_label": "partners",
        "model": "partnertypepage"
    }
},
{
    "model": "contenttypes.contenttype",
    "pk": 46,
    "fields": {
        "app_label": "partners",
        "model": "typecategory"
    }
},
{
    "model": "contenttypes.contenttype",
    "pk": 47,
    "fields": {
        "app_label": "partners",
        "model": "partnerpage"
    }
},
{
    "model": "contenttypes.contenttype",
    "pk": 48,
    "fields": {
        "app_label": "partners",
        "model": "partnergalleryimage"
    }
},
{
    "model": "contenttypes.contenttype",
    "pk": 49,
    "fields": {
        "app_label": "wagtailmenus",
        "model": "flatmenu"
    }
},
{
    "model": "contenttypes.contenttype",
    "pk": 50,
    "fields": {
        "app_label": "wagtailmenus",
        "model": "flatmenuitem"
    }
},
{
    "model": "contenttypes.contenttype",
    "pk": 51,
    "fields": {
        "app_label": "wagtailmenus",
        "model": "mainmenu"
    }
},
{
    "model": "contenttypes.contenttype",
    "pk": 52,
    "fields": {
        "app_label": "wagtailmenus",
        "model": "mainmenuitem"
    }
},
{
    "model": "contenttypes.contenttype",
    "pk": 53,
    "fields": {
        "app_label": "partners",
        "model": "partnersindexpage"
    }
},
{
    "model": "contenttypes.contenttype",
    "pk": 54,
    "fields": {
        "app_label": "articles",
        "model": "articlesindexpage"
    }
},
{
    "model": "contenttypes.contenttype",
    "pk": 55,
    "fields": {
        "app_label": "articles",
        "model": "articlepage"
    }
},
{
    "model": "contenttypes.contenttype",
    "pk": 56,
    "fields": {
        "app_label": "flexible",
        "model": "flexibleonecolumnpage"
    }
},
{
    "model": "contenttypes.contenttype",
    "pk": 57,
    "fields": {
        "app_label": "flexible",
        "model": "flexibletwocolumnpage"
    }
},
{
    "model": "contenttypes.contenttype",
    "pk": 58,
    "fields": {
        "app_label": "resources",
        "model": "resourcepage"
    }
},
{
    "model": "contenttypes.contenttype",
    "pk": 59,
    "fields": {
        "app_label": "resources",
        "model": "resourcesindexpage"
    }
},
{
    "model": "contenttypes.contenttype",
    "pk": 60,
    "fields": {
        "app_label": "base",
        "model": "mhosettings"
    }
},
{
    "model": "contenttypes.contenttype",
    "pk": 61,
    "fields": {
        "app_label": "homes",
        "model": "priceranges"
    }
},
{
    "model": "wagtailimages.image",
    "pk": 1,
    "fields": {
        "collection": 1,
        "title": "ith01.png",
        "file": "original_images/ith01.png",
        "width": 680,
        "height": 510,
        "created_at": "2021-02-24T21:17:10.603Z",
        "uploaded_by_user": 1,
        "focal_point_x": null,
        "focal_point_y": null,
        "focal_point_width": null,
        "focal_point_height": null,
        "file_size": 502752,
        "file_hash": "cfc3453c408523a261e64ba0e35c434530fda261"
    }
},
{
    "model": "wagtailimages.image",
    "pk": 2,
    "fields": {
        "collection": 1,
        "title": "ith01.png",
        "file": "original_images/ith01.png",
        "width": 680,
        "height": 510,
        "created_at": "2021-02-24T21:45:32.573Z",
        "uploaded_by_user": 1,
        "focal_point_x": null,
        "focal_point_y": null,
        "focal_point_width": null,
        "focal_point_height": null,
        "file_size": 502752,
        "file_hash": "cfc3453c408523a261e64ba0e35c434530fda261"
    }
},
{
    "model": "wagtailimages.image",
    "pk": 3,
    "fields": {
        "collection": 1,
        "title": "logo.png",
        "file": "original_images/logo.png",
        "width": 154,
        "height": 72,
        "created_at": "2021-03-03T02:31:12.760Z",
        "uploaded_by_user": 1,
        "focal_point_x": null,
        "focal_point_y": null,
        "focal_point_width": null,
        "focal_point_height": null,
        "file_size": 12693,
        "file_hash": "da3ea77c738332c4e83ee6b114b35039dbc613fc"
    }
},
{
    "model": "wagtailimages.image",
    "pk": 4,
    "fields": {
        "collection": 1,
        "title": "Image 8@2x.png",
        "file": "original_images/Image_82x.png",
        "width": 1950,
        "height": 1398,
        "created_at": "2021-03-10T14:40:34.543Z",
        "uploaded_by_user": 1,
        "focal_point_x": null,
        "focal_point_y": null,
        "focal_point_width": null,
        "focal_point_height": null,
        "file_size": 2116835,
        "file_hash": "129b13e382bce9a07949b57b8b3feaac0f9a6a4e"
    }
},
{
    "model": "wagtailimages.image",
    "pk": 5,
    "fields": {
        "collection": 3,
        "title": "Floorplan 1",
        "file": "original_images/bh001a.jpg",
        "width": 590,
        "height": 600,
        "created_at": "2021-03-23T14:12:04.996Z",
        "uploaded_by_user": 1,
        "focal_point_x": null,
        "focal_point_y": null,
        "focal_point_width": null,
        "focal_point_height": null,
        "file_size": 99943,
        "file_hash": "9c4675bd895d1877e0e8a07bf22585c0dbdea3b4"
    }
},
{
    "model": "wagtailimages.image",
    "pk": 6,
    "fields": {
        "collection": 1,
        "title": "bh001.jpg",
        "file": "original_images/bh001.jpg",
        "width": 590,
        "height": 443,
        "created_at": "2021-03-23T14:12:31.779Z",
        "uploaded_by_user": 1,
        "focal_point_x": null,
        "focal_point_y": null,
        "focal_point_width": null,
        "focal_point_height": null,
        "file_size": 83359,
        "file_hash": "601baa0880fec7a2b7e32d6e4e2432152179f72e"
    }
},
{
    "model": "wagtailimages.image",
    "pk": 7,
    "fields": {
        "collection": 4,
        "title": "bluhomeslogo.gif",
        "file": "original_images/bluhomeslogo.gif",
        "width": 85,
        "height": 75,
        "created_at": "2021-03-23T22:53:16.225Z",
        "uploaded_by_user": 1,
        "focal_point_x": null,
        "focal_point_y": null,
        "focal_point_width": null,
        "focal_point_height": null,
        "file_size": 3274,
        "file_hash": "e8b2418f327ff8be6a9a3207c3082132c5d24d10"
    }
},
{
    "model": "wagtailimages.rendition",
    "pk": 1,
    "fields": {
        "filter_spec": "max-165x165",
        "file": "images/ith01.max-165x165.png",
        "width": 165,
        "height": 123,
        "focal_point_key": "",
        "image": 1
    }
},
{
    "model": "wagtailimages.rendition",
    "pk": 2,
    "fields": {
        "filter_spec": "max-165x165",
        "file": "images/ith01.max-165x165.png",
        "width": 165,
        "height": 123,
        "focal_point_key": "",
        "image": 2
    }
},
{
    "model": "wagtailimages.rendition",
    "pk": 3,
    "fields": {
        "filter_spec": "min-900x900",
        "file": "images/ith01.min-900x900.png",
        "width": 680,
        "height": 510,
        "focal_point_key": "",
        "image": 2
    }
},
{
    "model": "wagtailimages.rendition",
    "pk": 4,
    "fields": {
        "filter_spec": "max-165x165",
        "file": "images/logo.max-165x165.png",
        "width": 154,
        "height": 72,
        "focal_point_key": "",
        "image": 3
    }
},
{
    "model": "wagtailimages.rendition",
    "pk": 5,
    "fields": {
        "filter_spec": "width-120",
        "file": "images/logo.width-120.png",
        "width": 120,
        "height": 56,
        "focal_point_key": "",
        "image": 3
    }
},
{
    "model": "wagtailimages.rendition",
    "pk": 6,
    "fields": {
        "filter_spec": "width-400",
        "file": "images/ith01.width-400.png",
        "width": 400,
        "height": 300,
        "focal_point_key": "",
        "image": 2
    }
},
{
    "model": "wagtailimages.rendition",
    "pk": 7,
    "fields": {
        "filter_spec": "scale-100",
        "file": "images/logo.scale-100.png",
        "width": 154,
        "height": 72,
        "focal_point_key": "",
        "image": 3
    }
},
{
    "model": "wagtailimages.rendition",
    "pk": 8,
    "fields": {
        "filter_spec": "scale-100",
        "file": "images/ith01.scale-100.png",
        "width": 680,
        "height": 510,
        "focal_point_key": "",
        "image": 2
    }
},
{
    "model": "wagtailimages.rendition",
    "pk": 9,
    "fields": {
        "filter_spec": "max-165x165",
        "file": "images/Image_82x.max-165x165.png",
        "width": 165,
        "height": 118,
        "focal_point_key": "",
        "image": 4
    }
},
{
    "model": "wagtailimages.rendition",
    "pk": 10,
    "fields": {
        "filter_spec": "scale-100",
        "file": "images/Image_82x.scale-100.png",
        "width": 1950,
        "height": 1398,
        "focal_point_key": "",
        "image": 4
    }
},
{
    "model": "wagtailimages.rendition",
    "pk": 11,
    "fields": {
        "filter_spec": "max-165x165",
        "file": "images/bh001a.max-165x165.jpg",
        "width": 162,
        "height": 165,
        "focal_point_key": "",
        "image": 5
    }
},
{
    "model": "wagtailimages.rendition",
    "pk": 12,
    "fields": {
        "filter_spec": "max-165x165",
        "file": "images/bh001.max-165x165.jpg",
        "width": 165,
        "height": 123,
        "focal_point_key": "",
        "image": 6
    }
},
{
    "model": "wagtailimages.rendition",
    "pk": 13,
    "fields": {
        "filter_spec": "fill-320x240",
        "file": "images/ith01.2e16d0ba.fill-320x240_fGVRTfm.png",
        "width": 320,
        "height": 240,
        "focal_point_key": "2e16d0ba",
        "image": 2
    }
},
{
    "model": "wagtailimages.rendition",
    "pk": 14,
    "fields": {
        "filter_spec": "max-165x165",
        "file": "images/bluhomeslogo.max-165x165.png",
        "width": 85,
        "height": 75,
        "focal_point_key": "",
        "image": 7
    }
},
{
    "model": "wagtailcore.site",
    "pk": 1,
    "fields": {
        "hostname": "localhost",
        "port": 80,
        "site_name": "Modular Homeowners",
        "root_page": 6,
        "is_default_site": true
    }
},
{
    "model": "wagtailcore.locale",
    "pk": 1,
    "fields": {
        "language_code": "en"
    }
},
{
    "model": "wagtailcore.page",
    "pk": 1,
    "fields": {
        "path": "0001",
        "depth": 1,
        "numchild": 1,
        "translation_key": "059b2b82-d502-4fcc-94d1-bb0089483efd",
        "locale": 1,
        "title": "Root",
        "draft_title": "Root",
        "slug": "root",
        "content_type": 1,
        "live": true,
        "has_unpublished_changes": false,
        "url_path": "/",
        "owner": null,
        "seo_title": "",
        "show_in_menus": false,
        "search_description": "",
        "go_live_at": null,
        "expire_at": null,
        "expired": false,
        "locked": false,
        "locked_at": null,
        "locked_by": null,
        "first_published_at": null,
        "last_published_at": null,
        "latest_revision_created_at": null,
        "live_revision": null,
        "alias_of": null
    }
},
{
    "model": "wagtailcore.page",
    "pk": 6,
    "fields": {
        "path": "00010003",
        "depth": 2,
        "numchild": 9,
        "translation_key": "831533cc-94af-4de2-9986-8490d5eb67cb",
        "locale": 1,
        "title": "Homepage",
        "draft_title": "Homepage",
        "slug": "homepage",
        "content_type": 56,
        "live": true,
        "has_unpublished_changes": false,
        "url_path": "/homepage/",
        "owner": 1,
        "seo_title": "",
        "show_in_menus": false,
        "search_description": "",
        "go_live_at": null,
        "expire_at": null,
        "expired": false,
        "locked": false,
        "locked_at": null,
        "locked_by": null,
        "first_published_at": "2021-03-02T00:07:25.898Z",
        "last_published_at": "2021-03-10T14:40:39.746Z",
        "latest_revision_created_at": "2021-03-10T14:40:39.692Z",
        "live_revision": 40,
        "alias_of": null
    }
},
{
    "model": "wagtailcore.page",
    "pk": 7,
    "fields": {
        "path": "000100030001",
        "depth": 3,
        "numchild": 0,
        "translation_key": "ec4f7dfb-c671-428d-87f7-be1465546dff",
        "locale": 1,
        "title": "Articles",
        "draft_title": "Articles",
        "slug": "articles",
        "content_type": 54,
        "live": true,
        "has_unpublished_changes": false,
        "url_path": "/homepage/articles/",
        "owner": 1,
        "seo_title": "",
        "show_in_menus": true,
        "search_description": "",
        "go_live_at": null,
        "expire_at": null,
        "expired": false,
        "locked": false,
        "locked_at": null,
        "locked_by": null,
        "first_published_at": "2021-03-02T00:08:20.304Z",
        "last_published_at": "2021-03-02T00:13:25.195Z",
        "latest_revision_created_at": "2021-03-02T00:13:25.169Z",
        "live_revision": 11,
        "alias_of": null
    }
},
{
    "model": "wagtailcore.page",
    "pk": 8,
    "fields": {
        "path": "000100030002",
        "depth": 3,
        "numchild": 1,
        "translation_key": "e7dd2134-3f97-45d3-98d5-42142e9ee5bd",
        "locale": 1,
        "title": "Homes",
        "draft_title": "Homes",
        "slug": "homes",
        "content_type": 41,
        "live": true,
        "has_unpublished_changes": false,
        "url_path": "/homepage/homes/",
        "owner": 1,
        "seo_title": "",
        "show_in_menus": true,
        "search_description": "",
        "go_live_at": null,
        "expire_at": null,
        "expired": false,
        "locked": false,
        "locked_at": null,
        "locked_by": null,
        "first_published_at": "2021-03-02T00:09:11.007Z",
        "last_published_at": "2021-03-09T01:09:25.498Z",
        "latest_revision_created_at": "2021-03-09T01:09:25.474Z",
        "live_revision": 38,
        "alias_of": null
    }
},
{
    "model": "wagtailcore.page",
    "pk": 9,
    "fields": {
        "path": "000100030003",
        "depth": 3,
        "numchild": 2,
        "translation_key": "4dc534cb-584e-450c-9933-4e57eb4e4bc3",
        "locale": 1,
        "title": "Partners",
        "draft_title": "Partners",
        "slug": "partners",
        "content_type": 53,
        "live": true,
        "has_unpublished_changes": false,
        "url_path": "/homepage/partners/",
        "owner": 1,
        "seo_title": "",
        "show_in_menus": true,
        "search_description": "",
        "go_live_at": null,
        "expire_at": null,
        "expired": false,
        "locked": false,
        "locked_at": null,
        "locked_by": null,
        "first_published_at": "2021-03-02T00:09:26.863Z",
        "last_published_at": "2021-03-02T00:14:51.648Z",
        "latest_revision_created_at": "2021-03-02T00:14:51.621Z",
        "live_revision": 16,
        "alias_of": null
    }
},
{
    "model": "wagtailcore.page",
    "pk": 10,
    "fields": {
        "path": "000100030004",
        "depth": 3,
        "numchild": 10,
        "translation_key": "7a91aee5-fac6-410e-85f4-bd10e91de81b",
        "locale": 1,
        "title": "Resources",
        "draft_title": "Resources",
        "slug": "resources",
        "content_type": 59,
        "live": true,
        "has_unpublished_changes": false,
        "url_path": "/homepage/resources/",
        "owner": 1,
        "seo_title": "",
        "show_in_menus": true,
        "search_description": "",
        "go_live_at": null,
        "expire_at": null,
        "expired": false,
        "locked": false,
        "locked_at": null,
        "locked_by": null,
        "first_published_at": "2021-03-02T00:09:38.800Z",
        "last_published_at": "2021-03-02T00:14:07.869Z",
        "latest_revision_created_at": "2021-03-02T00:14:07.840Z",
        "live_revision": 14,
        "alias_of": null
    }
},
{
    "model": "wagtailcore.page",
    "pk": 11,
    "fields": {
        "path": "000100030005",
        "depth": 3,
        "numchild": 0,
        "translation_key": "16b63847-277b-472a-b923-4f94dd02d73d",
        "locale": 1,
        "title": "About Us",
        "draft_title": "About Us",
        "slug": "about-us",
        "content_type": 56,
        "live": true,
        "has_unpublished_changes": false,
        "url_path": "/homepage/about-us/",
        "owner": 1,
        "seo_title": "",
        "show_in_menus": true,
        "search_description": "",
        "go_live_at": null,
        "expire_at": null,
        "expired": false,
        "locked": false,
        "locked_at": null,
        "locked_by": null,
        "first_published_at": "2021-03-02T00:10:35.994Z",
        "last_published_at": "2021-03-02T00:13:49.513Z",
        "latest_revision_created_at": "2021-03-02T00:13:49.485Z",
        "live_revision": 13,
        "alias_of": null
    }
},
{
    "model": "wagtailcore.page",
    "pk": 13,
    "fields": {
        "path": "0001000300030001",
        "depth": 4,
        "numchild": 0,
        "translation_key": "b8ff2bca-865f-4988-a5c9-0aa5fed5ae82",
        "locale": 1,
        "title": "Builders",
        "draft_title": "Builders",
        "slug": "builders",
        "content_type": 45,
        "live": true,
        "has_unpublished_changes": false,
        "url_path": "/homepage/partners/builders/",
        "owner": 1,
        "seo_title": "",
        "show_in_menus": true,
        "search_description": "",
        "go_live_at": null,
        "expire_at": null,
        "expired": false,
        "locked": false,
        "locked_at": null,
        "locked_by": null,
        "first_published_at": "2021-03-02T00:15:40.505Z",
        "last_published_at": "2021-03-02T00:16:29.205Z",
        "latest_revision_created_at": "2021-03-02T00:16:29.175Z",
        "live_revision": 19,
        "alias_of": null
    }
},
{
    "model": "wagtailcore.page",
    "pk": 14,
    "fields": {
        "path": "0001000300030002",
        "depth": 4,
        "numchild": 1,
        "translation_key": "764e9ea4-4c2d-4522-93ca-e4f92b179159",
        "locale": 1,
        "title": "Manufacturers",
        "draft_title": "Manufacturers",
        "slug": "manufacturers",
        "content_type": 45,
        "live": true,
        "has_unpublished_changes": false,
        "url_path": "/homepage/partners/manufacturers/",
        "owner": 1,
        "seo_title": "",
        "show_in_menus": true,
        "search_description": "",
        "go_live_at": null,
        "expire_at": null,
        "expired": false,
        "locked": false,
        "locked_at": null,
        "locked_by": null,
        "first_published_at": "2021-03-02T00:15:58.318Z",
        "last_published_at": "2021-03-02T00:15:58.318Z",
        "latest_revision_created_at": "2021-03-02T00:15:58.300Z",
        "live_revision": 18,
        "alias_of": null
    }
},
{
    "model": "wagtailcore.page",
    "pk": 15,
    "fields": {
        "path": "000100030006",
        "depth": 3,
        "numchild": 0,
        "translation_key": "9d922693-33dd-4e25-8d4a-c6e726b86083",
        "locale": 1,
        "title": "Contact Us",
        "draft_title": "Contact Us",
        "slug": "contact-us",
        "content_type": 56,
        "live": true,
        "has_unpublished_changes": false,
        "url_path": "/homepage/contact-us/",
        "owner": 1,
        "seo_title": "",
        "show_in_menus": true,
        "search_description": "",
        "go_live_at": null,
        "expire_at": null,
        "expired": false,
        "locked": false,
        "locked_at": null,
        "locked_by": null,
        "first_published_at": "2021-03-08T16:33:31.226Z",
        "last_published_at": "2021-03-08T16:33:31.226Z",
        "latest_revision_created_at": "2021-03-08T16:33:31.204Z",
        "live_revision": 22,
        "alias_of": null
    }
},
{
    "model": "wagtailcore.page",
    "pk": 16,
    "fields": {
        "path": "000100030007",
        "depth": 3,
        "numchild": 0,
        "translation_key": "efd784c5-a9b8-4726-8389-ec4866e43da9",
        "locale": 1,
        "title": "Our Mission",
        "draft_title": "Our Mission",
        "slug": "our-mission",
        "content_type": 56,
        "live": true,
        "has_unpublished_changes": false,
        "url_path": "/homepage/our-mission/",
        "owner": 1,
        "seo_title": "",
        "show_in_menus": true,
        "search_description": "",
        "go_live_at": null,
        "expire_at": null,
        "expired": false,
        "locked": false,
        "locked_at": null,
        "locked_by": null,
        "first_published_at": "2021-03-08T23:42:46.747Z",
        "last_published_at": "2021-03-08T23:42:46.747Z",
        "latest_revision_created_at": "2021-03-08T23:42:46.722Z",
        "live_revision": 23,
        "alias_of": null
    }
},
{
    "model": "wagtailcore.page",
    "pk": 17,
    "fields": {
        "path": "000100030008",
        "depth": 3,
        "numchild": 0,
        "translation_key": "bce1ebe7-6f63-4eae-9636-72bf2259c2b3",
        "locale": 1,
        "title": "FAQs",
        "draft_title": "FAQs",
        "slug": "faqs",
        "content_type": 56,
        "live": true,
        "has_unpublished_changes": false,
        "url_path": "/homepage/faqs/",
        "owner": 1,
        "seo_title": "",
        "show_in_menus": true,
        "search_description": "",
        "go_live_at": null,
        "expire_at": null,
        "expired": false,
        "locked": false,
        "locked_at": null,
        "locked_by": null,
        "first_published_at": "2021-03-08T23:43:17.173Z",
        "last_published_at": "2021-03-08T23:43:31.093Z",
        "latest_revision_created_at": "2021-03-08T23:43:31.050Z",
        "live_revision": 25,
        "alias_of": null
    }
},
{
    "model": "wagtailcore.page",
    "pk": 18,
    "fields": {
        "path": "0001000300040001",
        "depth": 4,
        "numchild": 0,
        "translation_key": "c8c88161-45cb-4d6f-9c45-e1c399d32fdc",
        "locale": 1,
        "title": "Getting Started",
        "draft_title": "Getting Started",
        "slug": "getting-started",
        "content_type": 58,
        "live": true,
        "has_unpublished_changes": false,
        "url_path": "/homepage/resources/getting-started/",
        "owner": 1,
        "seo_title": "",
        "show_in_menus": true,
        "search_description": "",
        "go_live_at": null,
        "expire_at": null,
        "expired": false,
        "locked": false,
        "locked_at": null,
        "locked_by": null,
        "first_published_at": "2021-03-09T00:09:18.885Z",
        "last_published_at": "2021-03-09T00:10:39.115Z",
        "latest_revision_created_at": "2021-03-09T00:10:39.085Z",
        "live_revision": 30,
        "alias_of": null
    }
},
{
    "model": "wagtailcore.page",
    "pk": 19,
    "fields": {
        "path": "0001000300040002",
        "depth": 4,
        "numchild": 0,
        "translation_key": "047e1637-b766-472a-a70e-b2159c832e47",
        "locale": 1,
        "title": "Financing Guide",
        "draft_title": "Financing Guide",
        "slug": "financing-guide",
        "content_type": 58,
        "live": true,
        "has_unpublished_changes": false,
        "url_path": "/homepage/resources/financing-guide/",
        "owner": 1,
        "seo_title": "",
        "show_in_menus": true,
        "search_description": "",
        "go_live_at": null,
        "expire_at": null,
        "expired": false,
        "locked": false,
        "locked_at": null,
        "locked_by": null,
        "first_published_at": "2021-03-09T00:09:33.906Z",
        "last_published_at": "2021-03-09T00:10:22.504Z",
        "latest_revision_created_at": "2021-03-09T00:10:22.469Z",
        "live_revision": 29,
        "alias_of": null
    }
},
{
    "model": "wagtailcore.page",
    "pk": 20,
    "fields": {
        "path": "0001000300040003",
        "depth": 4,
        "numchild": 0,
        "translation_key": "4cfdfbfc-8da7-4765-afcb-af9a7fbc6f3f",
        "locale": 1,
        "title": "What You Need to Know",
        "draft_title": "What You Need to Know",
        "slug": "what-you-need-to-know",
        "content_type": 58,
        "live": true,
        "has_unpublished_changes": false,
        "url_path": "/homepage/resources/what-you-need-to-know/",
        "owner": 1,
        "seo_title": "",
        "show_in_menus": true,
        "search_description": "",
        "go_live_at": null,
        "expire_at": null,
        "expired": false,
        "locked": false,
        "locked_at": null,
        "locked_by": null,
        "first_published_at": "2021-03-09T00:10:00.547Z",
        "last_published_at": "2021-03-09T00:10:00.547Z",
        "latest_revision_created_at": "2021-03-09T00:10:00.524Z",
        "live_revision": 28,
        "alias_of": null
    }
},
{
    "model": "wagtailcore.page",
    "pk": 21,
    "fields": {
        "path": "0001000300040004",
        "depth": 4,
        "numchild": 0,
        "translation_key": "b524d7f1-1aa5-4405-bc8c-7d7bc1b90422",
        "locale": 1,
        "title": "Designing Your Home",
        "draft_title": "Designing Your Home",
        "slug": "designing-your-home",
        "content_type": 58,
        "live": true,
        "has_unpublished_changes": false,
        "url_path": "/homepage/resources/designing-your-home/",
        "owner": 1,
        "seo_title": "",
        "show_in_menus": false,
        "search_description": "",
        "go_live_at": null,
        "expire_at": null,
        "expired": false,
        "locked": false,
        "locked_at": null,
        "locked_by": null,
        "first_published_at": "2021-03-09T00:11:11.617Z",
        "last_published_at": "2021-03-09T00:11:11.617Z",
        "latest_revision_created_at": "2021-03-09T00:11:11.598Z",
        "live_revision": 31,
        "alias_of": null
    }
},
{
    "model": "wagtailcore.page",
    "pk": 22,
    "fields": {
        "path": "0001000300040005",
        "depth": 4,
        "numchild": 0,
        "translation_key": "e37778e0-26ed-447c-848e-529672a76af3",
        "locale": 1,
        "title": "General Contractors",
        "draft_title": "General Contractors",
        "slug": "general-contractors",
        "content_type": 58,
        "live": true,
        "has_unpublished_changes": false,
        "url_path": "/homepage/resources/general-contractors/",
        "owner": 1,
        "seo_title": "",
        "show_in_menus": true,
        "search_description": "",
        "go_live_at": null,
        "expire_at": null,
        "expired": false,
        "locked": false,
        "locked_at": null,
        "locked_by": null,
        "first_published_at": "2021-03-09T00:11:38.216Z",
        "last_published_at": "2021-03-09T00:11:38.216Z",
        "latest_revision_created_at": "2021-03-09T00:11:38.197Z",
        "live_revision": 32,
        "alias_of": null
    }
},
{
    "model": "wagtailcore.page",
    "pk": 23,
    "fields": {
        "path": "0001000300040006",
        "depth": 4,
        "numchild": 0,
        "translation_key": "b9de8b88-8d2e-4836-8c34-a2a446411f2b",
        "locale": 1,
        "title": "Final Planning Stage",
        "draft_title": "Final Planning Stage",
        "slug": "final-planning-stage",
        "content_type": 58,
        "live": true,
        "has_unpublished_changes": false,
        "url_path": "/homepage/resources/final-planning-stage/",
        "owner": 1,
        "seo_title": "",
        "show_in_menus": true,
        "search_description": "",
        "go_live_at": null,
        "expire_at": null,
        "expired": false,
        "locked": false,
        "locked_at": null,
        "locked_by": null,
        "first_published_at": "2021-03-09T00:16:14.042Z",
        "last_published_at": "2021-03-09T00:16:14.042Z",
        "latest_revision_created_at": "2021-03-09T00:16:14.022Z",
        "live_revision": 33,
        "alias_of": null
    }
},
{
    "model": "wagtailcore.page",
    "pk": 24,
    "fields": {
        "path": "0001000300040007",
        "depth": 4,
        "numchild": 0,
        "translation_key": "aec6e801-84ab-475c-a0b2-3b5dd58fc026",
        "locale": 1,
        "title": "Prepping Your Site",
        "draft_title": "Prepping Your Site",
        "slug": "prepping-your-site",
        "content_type": 58,
        "live": true,
        "has_unpublished_changes": false,
        "url_path": "/homepage/resources/prepping-your-site/",
        "owner": 1,
        "seo_title": "",
        "show_in_menus": true,
        "search_description": "",
        "go_live_at": null,
        "expire_at": null,
        "expired": false,
        "locked": false,
        "locked_at": null,
        "locked_by": null,
        "first_published_at": "2021-03-09T00:16:35.934Z",
        "last_published_at": "2021-03-09T00:16:35.934Z",
        "latest_revision_created_at": "2021-03-09T00:16:35.913Z",
        "live_revision": 34,
        "alias_of": null
    }
},
{
    "model": "wagtailcore.page",
    "pk": 25,
    "fields": {
        "path": "0001000300040008",
        "depth": 4,
        "numchild": 0,
        "translation_key": "78f6013f-bd56-40a4-a97b-b4d834190109",
        "locale": 1,
        "title": "Home Delivery",
        "draft_title": "Home Delivery",
        "slug": "home-delivery",
        "content_type": 58,
        "live": true,
        "has_unpublished_changes": false,
        "url_path": "/homepage/resources/home-delivery/",
        "owner": 1,
        "seo_title": "",
        "show_in_menus": true,
        "search_description": "",
        "go_live_at": null,
        "expire_at": null,
        "expired": false,
        "locked": false,
        "locked_at": null,
        "locked_by": null,
        "first_published_at": "2021-03-09T00:18:58.335Z",
        "last_published_at": "2021-03-09T00:18:58.335Z",
        "latest_revision_created_at": "2021-03-09T00:18:58.314Z",
        "live_revision": 35,
        "alias_of": null
    }
},
{
    "model": "wagtailcore.page",
    "pk": 26,
    "fields": {
        "path": "0001000300040009",
        "depth": 4,
        "numchild": 0,
        "translation_key": "81d2afa8-a492-4269-9206-16745e7efdad",
        "locale": 1,
        "title": "Onsite Work",
        "draft_title": "Onsite Work",
        "slug": "onsite-work",
        "content_type": 58,
        "live": true,
        "has_unpublished_changes": false,
        "url_path": "/homepage/resources/onsite-work/",
        "owner": 1,
        "seo_title": "",
        "show_in_menus": true,
        "search_description": "",
        "go_live_at": null,
        "expire_at": null,
        "expired": false,
        "locked": false,
        "locked_at": null,
        "locked_by": null,
        "first_published_at": "2021-03-09T00:19:24.625Z",
        "last_published_at": "2021-03-09T00:19:24.625Z",
        "latest_revision_created_at": "2021-03-09T00:19:24.603Z",
        "live_revision": 36,
        "alias_of": null
    }
},
{
    "model": "wagtailcore.page",
    "pk": 27,
    "fields": {
        "path": "000100030004000A",
        "depth": 4,
        "numchild": 0,
        "translation_key": "bf14bb4f-3f88-4926-9a34-df6185e50776",
        "locale": 1,
        "title": "Maintenance & Upkeep",
        "draft_title": "Maintenance & Upkeep",
        "slug": "maintenance-upkeep",
        "content_type": 58,
        "live": true,
        "has_unpublished_changes": false,
        "url_path": "/homepage/resources/maintenance-upkeep/",
        "owner": 1,
        "seo_title": "",
        "show_in_menus": true,
        "search_description": "",
        "go_live_at": null,
        "expire_at": null,
        "expired": false,
        "locked": false,
        "locked_at": null,
        "locked_by": null,
        "first_published_at": "2021-03-09T00:19:44.114Z",
        "last_published_at": "2021-03-09T00:19:44.114Z",
        "latest_revision_created_at": "2021-03-09T00:19:44.095Z",
        "live_revision": 37,
        "alias_of": null
    }
},
{
    "model": "wagtailcore.page",
    "pk": 28,
    "fields": {
        "path": "000100030009",
        "depth": 3,
        "numchild": 0,
        "translation_key": "bd3957c1-6798-41b9-adb6-912d1a3c7e47",
        "locale": 1,
        "title": "Privacy Policy",
        "draft_title": "Privacy Policy",
        "slug": "privacy-policy",
        "content_type": 56,
        "live": true,
        "has_unpublished_changes": false,
        "url_path": "/homepage/privacy-policy/",
        "owner": 1,
        "seo_title": "",
        "show_in_menus": true,
        "search_description": "",
        "go_live_at": null,
        "expire_at": null,
        "expired": false,
        "locked": false,
        "locked_at": null,
        "locked_by": null,
        "first_published_at": "2021-03-09T02:00:35.052Z",
        "last_published_at": "2021-03-09T02:00:35.052Z",
        "latest_revision_created_at": "2021-03-09T02:00:35.025Z",
        "live_revision": 39,
        "alias_of": null
    }
},
{
    "model": "wagtailcore.page",
    "pk": 29,
    "fields": {
        "path": "00010003000300020001",
        "depth": 5,
        "numchild": 0,
        "translation_key": "f6f5c77a-5316-446c-9df5-f3380d9f39cf",
        "locale": 1,
        "title": "Manufacturer 1",
        "draft_title": "Manufacturer 1",
        "slug": "manufacturer-1",
        "content_type": 47,
        "live": true,
        "has_unpublished_changes": false,
        "url_path": "/homepage/partners/manufacturers/manufacturer-1/",
        "owner": 1,
        "seo_title": "",
        "show_in_menus": false,
        "search_description": "",
        "go_live_at": null,
        "expire_at": null,
        "expired": false,
        "locked": false,
        "locked_at": null,
        "locked_by": null,
        "first_published_at": "2021-03-23T14:10:10.804Z",
        "last_published_at": "2021-03-23T14:10:10.804Z",
        "latest_revision_created_at": "2021-03-23T14:10:10.773Z",
        "live_revision": 41,
        "alias_of": null
    }
},
{
    "model": "wagtailcore.page",
    "pk": 30,
    "fields": {
        "path": "0001000300020001",
        "depth": 4,
        "numchild": 0,
        "translation_key": "4b85695c-a808-4917-bab0-908fe4f0a4ff",
        "locale": 1,
        "title": "Home 1",
        "draft_title": "Home 1",
        "slug": "home-1",
        "content_type": 43,
        "live": true,
        "has_unpublished_changes": false,
        "url_path": "/homepage/homes/home-1/",
        "owner": 1,
        "seo_title": "",
        "show_in_menus": false,
        "search_description": "",
        "go_live_at": null,
        "expire_at": null,
        "expired": false,
        "locked": false,
        "locked_at": null,
        "locked_by": null,
        "first_published_at": "2021-03-23T14:12:35.770Z",
        "last_published_at": "2021-03-23T14:12:35.770Z",
        "latest_revision_created_at": "2021-03-23T14:12:35.731Z",
        "live_revision": 42,
        "alias_of": null
    }
},
{
    "model": "wagtailcore.pagerevision",
    "pk": 4,
    "fields": {
        "page": 6,
        "submitted_for_moderation": false,
        "created_at": "2021-03-02T00:07:25.878Z",
        "user": 1,
        "content_json": "{\"pk\": 6, \"path\": \"00010003\", \"depth\": 2, \"numchild\": 0, \"translation_key\": \"831533cc-94af-4de2-9986-8490d5eb67cb\", \"locale\": 1, \"title\": \"Homepage\", \"draft_title\": \"Homepage\", \"slug\": \"homepage\", \"content_type\": 56, \"live\": true, \"has_unpublished_changes\": false, \"url_path\": \"/homepage/\", \"owner\": 1, \"seo_title\": \"\", \"show_in_menus\": false, \"search_description\": \"\", \"go_live_at\": null, \"expire_at\": null, \"expired\": false, \"locked\": false, \"locked_at\": null, \"locked_by\": null, \"first_published_at\": null, \"last_published_at\": null, \"latest_revision_created_at\": null, \"live_revision\": null, \"alias_of\": null, \"body\": \"[{\\\"type\\\": \\\"heading\\\", \\\"value\\\": \\\"Modular Home Owners\\\", \\\"id\\\": \\\"dd694278-1856-4b40-a61d-05f77546d4d9\\\"}, {\\\"type\\\": \\\"paragraph\\\", \\\"value\\\": \\\"<p>Mauris blandit aliquet elit, eget tincidunt nibh pulvinar a. Nulla quis lorem ut libero malesuada feugiat. Cras ultricies ligula sed magna dictum porta. Vivamus magna justo, lacinia eget consectetur sed, convallis at tellus. Vivamus suscipit tortor eget felis porttitor volutpat. Nulla quis lorem ut libero malesuada feugiat. Vestibulum ante ipsum primis in faucibus orci luctus et ultrices posuere cubilia Curae; Donec velit neque, auctor sit amet aliquam vel, ullamcorper sit amet ligula. Vivamus magna justo, lacinia eget consectetur sed, convallis at tellus. Praesent sapien massa, convallis a pellentesque nec, egestas non nisi. Pellentesque in ipsum id orci porta dapibus. Donec rutrum congue leo eget malesuada. Quisque velit nisi, pretium ut lacinia in, elementum id enim. Sed porttitor lectus nibh. Curabitur non nulla sit amet nisl tempus convallis quis ac lectus. Donec sollicitudin molestie malesuada. Curabitur non nulla sit amet nisl tempus convallis quis ac lectus. Lorem ipsum dolor sit amet, consectetur adipiscing elit. Curabitur arcu erat, accumsan id imperdiet et, porttitor at sem. Proin eget tortor risus. Donec rutrum congue leo eget malesuada.</p>\\\", \\\"id\\\": \\\"4d17a1ca-71e0-4643-b079-04e24483cb1b\\\"}]\"}",
        "approved_go_live_at": null
    }
},
{
    "model": "wagtailcore.pagerevision",
    "pk": 5,
    "fields": {
        "page": 7,
        "submitted_for_moderation": false,
        "created_at": "2021-03-02T00:08:20.268Z",
        "user": 1,
        "content_json": "{\"pk\": 7, \"path\": \"000100030001\", \"depth\": 3, \"numchild\": 0, \"translation_key\": \"ec4f7dfb-c671-428d-87f7-be1465546dff\", \"locale\": 1, \"title\": \"Articles\", \"draft_title\": \"Articles\", \"slug\": \"articles\", \"content_type\": 54, \"live\": true, \"has_unpublished_changes\": false, \"url_path\": \"/homepage/articles/\", \"owner\": 1, \"seo_title\": \"\", \"show_in_menus\": false, \"search_description\": \"\", \"go_live_at\": null, \"expire_at\": null, \"expired\": false, \"locked\": false, \"locked_at\": null, \"locked_by\": null, \"first_published_at\": null, \"last_published_at\": null, \"latest_revision_created_at\": null, \"live_revision\": null, \"alias_of\": null}",
        "approved_go_live_at": null
    }
},
{
    "model": "wagtailcore.pagerevision",
    "pk": 6,
    "fields": {
        "page": 8,
        "submitted_for_moderation": false,
        "created_at": "2021-03-02T00:09:10.986Z",
        "user": 1,
        "content_json": "{\"pk\": 8, \"path\": \"000100030002\", \"depth\": 3, \"numchild\": 0, \"translation_key\": \"e7dd2134-3f97-45d3-98d5-42142e9ee5bd\", \"locale\": 1, \"title\": \"Homes\", \"draft_title\": \"Homes\", \"slug\": \"homes\", \"content_type\": 41, \"live\": true, \"has_unpublished_changes\": false, \"url_path\": \"/homepage/homes/\", \"owner\": 1, \"seo_title\": \"\", \"show_in_menus\": false, \"search_description\": \"\", \"go_live_at\": null, \"expire_at\": null, \"expired\": false, \"locked\": false, \"locked_at\": null, \"locked_by\": null, \"first_published_at\": null, \"last_published_at\": null, \"latest_revision_created_at\": null, \"live_revision\": null, \"alias_of\": null, \"intro\": \"Build your home\"}",
        "approved_go_live_at": null
    }
},
{
    "model": "wagtailcore.pagerevision",
    "pk": 7,
    "fields": {
        "page": 9,
        "submitted_for_moderation": false,
        "created_at": "2021-03-02T00:09:26.845Z",
        "user": 1,
        "content_json": "{\"pk\": 9, \"path\": \"000100030003\", \"depth\": 3, \"numchild\": 0, \"translation_key\": \"4dc534cb-584e-450c-9933-4e57eb4e4bc3\", \"locale\": 1, \"title\": \"Partners\", \"draft_title\": \"Partners\", \"slug\": \"partners\", \"content_type\": 53, \"live\": true, \"has_unpublished_changes\": false, \"url_path\": \"/homepage/partners/\", \"owner\": 1, \"seo_title\": \"\", \"show_in_menus\": false, \"search_description\": \"\", \"go_live_at\": null, \"expire_at\": null, \"expired\": false, \"locked\": false, \"locked_at\": null, \"locked_by\": null, \"first_published_at\": null, \"last_published_at\": null, \"latest_revision_created_at\": null, \"live_revision\": null, \"alias_of\": null}",
        "approved_go_live_at": null
    }
},
{
    "model": "wagtailcore.pagerevision",
    "pk": 8,
    "fields": {
        "page": 10,
        "submitted_for_moderation": false,
        "created_at": "2021-03-02T00:09:38.780Z",
        "user": 1,
        "content_json": "{\"pk\": 10, \"path\": \"000100030004\", \"depth\": 3, \"numchild\": 0, \"translation_key\": \"7a91aee5-fac6-410e-85f4-bd10e91de81b\", \"locale\": 1, \"title\": \"Resources\", \"draft_title\": \"Resources\", \"slug\": \"resources\", \"content_type\": 59, \"live\": true, \"has_unpublished_changes\": false, \"url_path\": \"/homepage/resources/\", \"owner\": 1, \"seo_title\": \"\", \"show_in_menus\": false, \"search_description\": \"\", \"go_live_at\": null, \"expire_at\": null, \"expired\": false, \"locked\": false, \"locked_at\": null, \"locked_by\": null, \"first_published_at\": null, \"last_published_at\": null, \"latest_revision_created_at\": null, \"live_revision\": null, \"alias_of\": null}",
        "approved_go_live_at": null
    }
},
{
    "model": "wagtailcore.pagerevision",
    "pk": 9,
    "fields": {
        "page": 11,
        "submitted_for_moderation": false,
        "created_at": "2021-03-02T00:10:35.972Z",
        "user": 1,
        "content_json": "{\"pk\": 11, \"path\": \"000100030005\", \"depth\": 3, \"numchild\": 0, \"translation_key\": \"16b63847-277b-472a-b923-4f94dd02d73d\", \"locale\": 1, \"title\": \"About Us\", \"draft_title\": \"About Us\", \"slug\": \"about-us\", \"content_type\": 56, \"live\": true, \"has_unpublished_changes\": false, \"url_path\": \"/homepage/about-us/\", \"owner\": 1, \"seo_title\": \"\", \"show_in_menus\": false, \"search_description\": \"\", \"go_live_at\": null, \"expire_at\": null, \"expired\": false, \"locked\": false, \"locked_at\": null, \"locked_by\": null, \"first_published_at\": null, \"last_published_at\": null, \"latest_revision_created_at\": null, \"live_revision\": null, \"alias_of\": null, \"body\": \"[{\\\"type\\\": \\\"paragraph\\\", \\\"value\\\": \\\"<p>Curabitur non nulla sit amet nisl tempus convallis quis ac lectus. Vivamus magna justo, lacinia eget consectetur sed, convallis at tellus. Nulla quis lorem ut libero malesuada feugiat. Proin eget tortor risus. Lorem ipsum dolor sit amet, consectetur adipiscing elit. Vivamus magna justo, lacinia eget consectetur sed, convallis at tellus. Curabitur non nulla sit amet nisl tempus convallis quis ac lectus. Quisque velit nisi, pretium ut lacinia in, elementum id enim. Donec sollicitudin molestie malesuada. Donec rutrum congue leo eget malesuada. Pellentesque in ipsum id orci porta dapibus. Sed porttitor lectus nibh. Vestibulum ante ipsum primis in faucibus orci luctus et ultrices posuere cubilia Curae; Donec velit neque, auctor sit amet aliquam vel, ullamcorper sit amet ligula. Quisque velit nisi, pretium ut lacinia in, elementum id enim. Vivamus suscipit tortor eget felis porttitor volutpat. Curabitur non nulla sit amet nisl tempus convallis quis ac lectus. Vivamus magna justo, lacinia eget consectetur sed, convallis at tellus. Donec sollicitudin molestie malesuada. Curabitur non nulla sit amet nisl tempus convallis quis ac lectus. Curabitur arcu erat, accumsan id imperdiet et, porttitor at sem.</p>\\\", \\\"id\\\": \\\"63239d93-9f76-48c9-b355-021134c4cba9\\\"}]\"}",
        "approved_go_live_at": null
    }
},
{
    "model": "wagtailcore.pagerevision",
    "pk": 11,
    "fields": {
        "page": 7,
        "submitted_for_moderation": false,
        "created_at": "2021-03-02T00:13:25.169Z",
        "user": 1,
        "content_json": "{\"pk\": 7, \"path\": \"000100030001\", \"depth\": 3, \"numchild\": 0, \"translation_key\": \"ec4f7dfb-c671-428d-87f7-be1465546dff\", \"locale\": 1, \"title\": \"Articles\", \"draft_title\": \"Articles\", \"slug\": \"articles\", \"content_type\": 54, \"live\": true, \"has_unpublished_changes\": false, \"url_path\": \"/homepage/articles/\", \"owner\": 1, \"seo_title\": \"\", \"show_in_menus\": true, \"search_description\": \"\", \"go_live_at\": null, \"expire_at\": null, \"expired\": false, \"locked\": false, \"locked_at\": null, \"locked_by\": null, \"first_published_at\": \"2021-03-02T00:08:20.304Z\", \"last_published_at\": \"2021-03-02T00:08:20.304Z\", \"latest_revision_created_at\": \"2021-03-02T00:08:20.268Z\", \"live_revision\": 5, \"alias_of\": null}",
        "approved_go_live_at": null
    }
},
{
    "model": "wagtailcore.pagerevision",
    "pk": 13,
    "fields": {
        "page": 11,
        "submitted_for_moderation": false,
        "created_at": "2021-03-02T00:13:49.485Z",
        "user": 1,
        "content_json": "{\"pk\": 11, \"path\": \"000100030005\", \"depth\": 3, \"numchild\": 0, \"translation_key\": \"16b63847-277b-472a-b923-4f94dd02d73d\", \"locale\": 1, \"title\": \"About Us\", \"draft_title\": \"About Us\", \"slug\": \"about-us\", \"content_type\": 56, \"live\": true, \"has_unpublished_changes\": false, \"url_path\": \"/homepage/about-us/\", \"owner\": 1, \"seo_title\": \"\", \"show_in_menus\": true, \"search_description\": \"\", \"go_live_at\": null, \"expire_at\": null, \"expired\": false, \"locked\": false, \"locked_at\": null, \"locked_by\": null, \"first_published_at\": \"2021-03-02T00:10:35.994Z\", \"last_published_at\": \"2021-03-02T00:10:35.994Z\", \"latest_revision_created_at\": \"2021-03-02T00:10:35.972Z\", \"live_revision\": 9, \"alias_of\": null, \"body\": \"[{\\\"type\\\": \\\"paragraph\\\", \\\"value\\\": \\\"<p>Curabitur non nulla sit amet nisl tempus convallis quis ac lectus. Vivamus magna justo, lacinia eget consectetur sed, convallis at tellus. Nulla quis lorem ut libero malesuada feugiat. Proin eget tortor risus. Lorem ipsum dolor sit amet, consectetur adipiscing elit. Vivamus magna justo, lacinia eget consectetur sed, convallis at tellus. Curabitur non nulla sit amet nisl tempus convallis quis ac lectus. Quisque velit nisi, pretium ut lacinia in, elementum id enim. Donec sollicitudin molestie malesuada. Donec rutrum congue leo eget malesuada. Pellentesque in ipsum id orci porta dapibus. Sed porttitor lectus nibh. Vestibulum ante ipsum primis in faucibus orci luctus et ultrices posuere cubilia Curae; Donec velit neque, auctor sit amet aliquam vel, ullamcorper sit amet ligula. Quisque velit nisi, pretium ut lacinia in, elementum id enim. Vivamus suscipit tortor eget felis porttitor volutpat. Curabitur non nulla sit amet nisl tempus convallis quis ac lectus. Vivamus magna justo, lacinia eget consectetur sed, convallis at tellus. Donec sollicitudin molestie malesuada. Curabitur non nulla sit amet nisl tempus convallis quis ac lectus. Curabitur arcu erat, accumsan id imperdiet et, porttitor at sem.</p>\\\", \\\"id\\\": \\\"63239d93-9f76-48c9-b355-021134c4cba9\\\"}]\"}",
        "approved_go_live_at": null
    }
},
{
    "model": "wagtailcore.pagerevision",
    "pk": 14,
    "fields": {
        "page": 10,
        "submitted_for_moderation": false,
        "created_at": "2021-03-02T00:14:07.840Z",
        "user": 1,
        "content_json": "{\"pk\": 10, \"path\": \"000100030004\", \"depth\": 3, \"numchild\": 0, \"translation_key\": \"7a91aee5-fac6-410e-85f4-bd10e91de81b\", \"locale\": 1, \"title\": \"Resources\", \"draft_title\": \"Resources\", \"slug\": \"resources\", \"content_type\": 59, \"live\": true, \"has_unpublished_changes\": false, \"url_path\": \"/homepage/resources/\", \"owner\": 1, \"seo_title\": \"\", \"show_in_menus\": true, \"search_description\": \"\", \"go_live_at\": null, \"expire_at\": null, \"expired\": false, \"locked\": false, \"locked_at\": null, \"locked_by\": null, \"first_published_at\": \"2021-03-02T00:09:38.800Z\", \"last_published_at\": \"2021-03-02T00:09:38.800Z\", \"latest_revision_created_at\": \"2021-03-02T00:09:38.780Z\", \"live_revision\": 8, \"alias_of\": null}",
        "approved_go_live_at": null
    }
},
{
    "model": "wagtailcore.pagerevision",
    "pk": 15,
    "fields": {
        "page": 8,
        "submitted_for_moderation": false,
        "created_at": "2021-03-02T00:14:27.539Z",
        "user": 1,
        "content_json": "{\"pk\": 8, \"path\": \"000100030002\", \"depth\": 3, \"numchild\": 0, \"translation_key\": \"e7dd2134-3f97-45d3-98d5-42142e9ee5bd\", \"locale\": 1, \"title\": \"Homes\", \"draft_title\": \"Homes\", \"slug\": \"homes\", \"content_type\": 41, \"live\": true, \"has_unpublished_changes\": false, \"url_path\": \"/homepage/homes/\", \"owner\": 1, \"seo_title\": \"\", \"show_in_menus\": true, \"search_description\": \"\", \"go_live_at\": null, \"expire_at\": null, \"expired\": false, \"locked\": false, \"locked_at\": null, \"locked_by\": null, \"first_published_at\": \"2021-03-02T00:09:11.007Z\", \"last_published_at\": \"2021-03-02T00:09:11.007Z\", \"latest_revision_created_at\": \"2021-03-02T00:09:10.986Z\", \"live_revision\": 6, \"alias_of\": null, \"intro\": \"Build your home\"}",
        "approved_go_live_at": null
    }
},
{
    "model": "wagtailcore.pagerevision",
    "pk": 16,
    "fields": {
        "page": 9,
        "submitted_for_moderation": false,
        "created_at": "2021-03-02T00:14:51.621Z",
        "user": 1,
        "content_json": "{\"pk\": 9, \"path\": \"000100030003\", \"depth\": 3, \"numchild\": 0, \"translation_key\": \"4dc534cb-584e-450c-9933-4e57eb4e4bc3\", \"locale\": 1, \"title\": \"Partners\", \"draft_title\": \"Partners\", \"slug\": \"partners\", \"content_type\": 53, \"live\": true, \"has_unpublished_changes\": false, \"url_path\": \"/homepage/partners/\", \"owner\": 1, \"seo_title\": \"\", \"show_in_menus\": true, \"search_description\": \"\", \"go_live_at\": null, \"expire_at\": null, \"expired\": false, \"locked\": false, \"locked_at\": null, \"locked_by\": null, \"first_published_at\": \"2021-03-02T00:09:26.863Z\", \"last_published_at\": \"2021-03-02T00:09:26.863Z\", \"latest_revision_created_at\": \"2021-03-02T00:09:26.845Z\", \"live_revision\": 7, \"alias_of\": null}",
        "approved_go_live_at": null
    }
},
{
    "model": "wagtailcore.pagerevision",
    "pk": 17,
    "fields": {
        "page": 13,
        "submitted_for_moderation": false,
        "created_at": "2021-03-02T00:15:40.484Z",
        "user": 1,
        "content_json": "{\"pk\": 13, \"path\": \"0001000300030001\", \"depth\": 4, \"numchild\": 0, \"translation_key\": \"b8ff2bca-865f-4988-a5c9-0aa5fed5ae82\", \"locale\": 1, \"title\": \"Builders\", \"draft_title\": \"Builders\", \"slug\": \"builders\", \"content_type\": 45, \"live\": true, \"has_unpublished_changes\": false, \"url_path\": \"/homepage/partners/builders/\", \"owner\": 1, \"seo_title\": \"\", \"show_in_menus\": false, \"search_description\": \"\", \"go_live_at\": null, \"expire_at\": null, \"expired\": false, \"locked\": false, \"locked_at\": null, \"locked_by\": null, \"first_published_at\": null, \"last_published_at\": null, \"latest_revision_created_at\": null, \"live_revision\": null, \"alias_of\": null, \"intro\": \"Lorem Ipsum\"}",
        "approved_go_live_at": null
    }
},
{
    "model": "wagtailcore.pagerevision",
    "pk": 18,
    "fields": {
        "page": 14,
        "submitted_for_moderation": false,
        "created_at": "2021-03-02T00:15:58.300Z",
        "user": 1,
        "content_json": "{\"pk\": 14, \"path\": \"0001000300030002\", \"depth\": 4, \"numchild\": 0, \"translation_key\": \"764e9ea4-4c2d-4522-93ca-e4f92b179159\", \"locale\": 1, \"title\": \"Manufacturers\", \"draft_title\": \"Manufacturers\", \"slug\": \"manufacturers\", \"content_type\": 45, \"live\": true, \"has_unpublished_changes\": false, \"url_path\": \"/homepage/partners/manufacturers/\", \"owner\": 1, \"seo_title\": \"\", \"show_in_menus\": true, \"search_description\": \"\", \"go_live_at\": null, \"expire_at\": null, \"expired\": false, \"locked\": false, \"locked_at\": null, \"locked_by\": null, \"first_published_at\": null, \"last_published_at\": null, \"latest_revision_created_at\": null, \"live_revision\": null, \"alias_of\": null, \"intro\": \"Lorem Ipsum\"}",
        "approved_go_live_at": null
    }
},
{
    "model": "wagtailcore.pagerevision",
    "pk": 19,
    "fields": {
        "page": 13,
        "submitted_for_moderation": false,
        "created_at": "2021-03-02T00:16:29.175Z",
        "user": 1,
        "content_json": "{\"pk\": 13, \"path\": \"0001000300030001\", \"depth\": 4, \"numchild\": 0, \"translation_key\": \"b8ff2bca-865f-4988-a5c9-0aa5fed5ae82\", \"locale\": 1, \"title\": \"Builders\", \"draft_title\": \"Builders\", \"slug\": \"builders\", \"content_type\": 45, \"live\": true, \"has_unpublished_changes\": false, \"url_path\": \"/homepage/partners/builders/\", \"owner\": 1, \"seo_title\": \"\", \"show_in_menus\": true, \"search_description\": \"\", \"go_live_at\": null, \"expire_at\": null, \"expired\": false, \"locked\": false, \"locked_at\": null, \"locked_by\": null, \"first_published_at\": \"2021-03-02T00:15:40.505Z\", \"last_published_at\": \"2021-03-02T00:15:40.505Z\", \"latest_revision_created_at\": \"2021-03-02T00:15:40.484Z\", \"live_revision\": 17, \"alias_of\": null, \"intro\": \"Lorem Ipsum\"}",
        "approved_go_live_at": null
    }
},
{
    "model": "wagtailcore.pagerevision",
    "pk": 21,
    "fields": {
        "page": 6,
        "submitted_for_moderation": false,
        "created_at": "2021-03-06T00:20:06.372Z",
        "user": 1,
        "content_json": "{\"pk\": 6, \"path\": \"00010003\", \"depth\": 2, \"numchild\": 6, \"translation_key\": \"831533cc-94af-4de2-9986-8490d5eb67cb\", \"locale\": 1, \"title\": \"Homepage\", \"draft_title\": \"Homepage\", \"slug\": \"homepage\", \"content_type\": 56, \"live\": true, \"has_unpublished_changes\": false, \"url_path\": \"/homepage/\", \"owner\": 1, \"seo_title\": \"\", \"show_in_menus\": false, \"search_description\": \"\", \"go_live_at\": null, \"expire_at\": null, \"expired\": false, \"locked\": false, \"locked_at\": null, \"locked_by\": null, \"first_published_at\": \"2021-03-02T00:07:25.898Z\", \"last_published_at\": \"2021-03-04T02:20:34.883Z\", \"latest_revision_created_at\": \"2021-03-04T02:20:34.841Z\", \"live_revision\": 20, \"alias_of\": null, \"body\": \"[{\\\"type\\\": \\\"hero\\\", \\\"value\\\": {\\\"heading\\\": \\\"We Give You the Resources and Freedom to Build Your Dream Home\\\", \\\"introduction\\\": \\\"Let's start with finding the type of modular home you're interested in\\\", \\\"image\\\": 2, \\\"search_button_text\\\": \\\"Search Homes\\\", \\\"filter_bar_text\\\": \\\"Just looking for the right price range? Find homes...\\\"}, \\\"id\\\": \\\"0e8a1491-18b9-4634-a3a6-deee47836f6d\\\"}, {\\\"type\\\": \\\"resourcesCTA\\\", \\\"value\\\": {\\\"style\\\": \\\"WH\\\"}, \\\"id\\\": \\\"c4662919-f520-44bd-98ce-3a195796be5e\\\"}, {\\\"type\\\": \\\"paragraph\\\", \\\"value\\\": \\\"<p>Mauris blandit aliquet elit, eget tincidunt nibh pulvinar a. Nulla quis lorem ut libero malesuada feugiat. Cras ultricies ligula sed magna dictum porta. Vivamus magna justo, lacinia eget consectetur sed, convallis at tellus. Vivamus suscipit tortor eget felis porttitor volutpat. Nulla quis lorem ut libero malesuada feugiat. Vestibulum ante ipsum primis in faucibus orci luctus et ultrices posuere cubilia Curae; Donec velit neque, auctor sit amet aliquam vel, ullamcorper sit amet ligula. Vivamus magna justo, lacinia eget consectetur sed, convallis at tellus. Praesent sapien massa, convallis a pellentesque nec, egestas non nisi. Pellentesque in ipsum id orci porta dapibus. Donec rutrum congue leo eget malesuada. Quisque velit nisi, pretium ut lacinia in, elementum id enim. Sed porttitor lectus nibh. Curabitur non nulla sit amet nisl tempus convallis quis ac lectus. Donec sollicitudin molestie malesuada. Curabitur non nulla sit amet nisl tempus convallis quis ac lectus. Lorem ipsum dolor sit amet, consectetur adipiscing elit. Curabitur arcu erat, accumsan id imperdiet et, porttitor at sem. Proin eget tortor risus. Donec rutrum congue leo eget malesuada.</p>\\\", \\\"id\\\": \\\"4d17a1ca-71e0-4643-b079-04e24483cb1b\\\"}]\"}",
        "approved_go_live_at": null
    }
},
{
    "model": "wagtailcore.pagerevision",
    "pk": 22,
    "fields": {
        "page": 15,
        "submitted_for_moderation": false,
        "created_at": "2021-03-08T16:33:31.204Z",
        "user": 1,
        "content_json": "{\"pk\": 15, \"path\": \"000100030006\", \"depth\": 3, \"numchild\": 0, \"translation_key\": \"9d922693-33dd-4e25-8d4a-c6e726b86083\", \"locale\": 1, \"title\": \"Contact Us\", \"draft_title\": \"Contact Us\", \"slug\": \"contact-us\", \"content_type\": 56, \"live\": true, \"has_unpublished_changes\": false, \"url_path\": \"/homepage/contact-us/\", \"owner\": 1, \"seo_title\": \"\", \"show_in_menus\": true, \"search_description\": \"\", \"go_live_at\": null, \"expire_at\": null, \"expired\": false, \"locked\": false, \"locked_at\": null, \"locked_by\": null, \"first_published_at\": null, \"last_published_at\": null, \"latest_revision_created_at\": null, \"live_revision\": null, \"alias_of\": null, \"body\": \"[{\\\"type\\\": \\\"headingH1\\\", \\\"value\\\": \\\"Ask us anything\\\", \\\"id\\\": \\\"44cfd12d-b738-494b-91f8-6a802023c5ea\\\"}]\"}",
        "approved_go_live_at": null
    }
},
{
    "model": "wagtailcore.pagerevision",
    "pk": 23,
    "fields": {
        "page": 16,
        "submitted_for_moderation": false,
        "created_at": "2021-03-08T23:42:46.722Z",
        "user": 1,
        "content_json": "{\"pk\": 16, \"path\": \"000100030007\", \"depth\": 3, \"numchild\": 0, \"translation_key\": \"efd784c5-a9b8-4726-8389-ec4866e43da9\", \"locale\": 1, \"title\": \"Our Mission\", \"draft_title\": \"Our Mission\", \"slug\": \"our-mission\", \"content_type\": 56, \"live\": true, \"has_unpublished_changes\": false, \"url_path\": \"/homepage/our-mission/\", \"owner\": 1, \"seo_title\": \"\", \"show_in_menus\": true, \"search_description\": \"\", \"go_live_at\": null, \"expire_at\": null, \"expired\": false, \"locked\": false, \"locked_at\": null, \"locked_by\": null, \"first_published_at\": null, \"last_published_at\": null, \"latest_revision_created_at\": null, \"live_revision\": null, \"alias_of\": null, \"body\": \"[{\\\"type\\\": \\\"paragraph\\\", \\\"value\\\": \\\"<p>Vestibulum ante ipsum primis in faucibus orci luctus et ultrices posuere cubilia Curae; Donec velit neque, auctor sit amet aliquam vel, ullamcorper sit amet ligula. Curabitur non nulla sit amet nisl tempus convallis quis ac lectus. Quisque velit nisi, pretium ut lacinia in, elementum id enim. Vestibulum ac diam sit amet quam vehicula elementum sed sit amet dui. Donec sollicitudin molestie malesuada.</p>\\\", \\\"id\\\": \\\"f80f0042-664d-43e4-b309-a4dc1150d4a0\\\"}]\"}",
        "approved_go_live_at": null
    }
},
{
    "model": "wagtailcore.pagerevision",
    "pk": 24,
    "fields": {
        "page": 17,
        "submitted_for_moderation": false,
        "created_at": "2021-03-08T23:43:17.139Z",
        "user": 1,
        "content_json": "{\"pk\": 17, \"path\": \"000100030008\", \"depth\": 3, \"numchild\": 0, \"translation_key\": \"bce1ebe7-6f63-4eae-9636-72bf2259c2b3\", \"locale\": 1, \"title\": \"FAQs\", \"draft_title\": \"FAQs\", \"slug\": \"faqs\", \"content_type\": 56, \"live\": true, \"has_unpublished_changes\": false, \"url_path\": \"/homepage/faqs/\", \"owner\": 1, \"seo_title\": \"\", \"show_in_menus\": false, \"search_description\": \"\", \"go_live_at\": null, \"expire_at\": null, \"expired\": false, \"locked\": false, \"locked_at\": null, \"locked_by\": null, \"first_published_at\": null, \"last_published_at\": null, \"latest_revision_created_at\": null, \"live_revision\": null, \"alias_of\": null, \"body\": \"[{\\\"type\\\": \\\"paragraph\\\", \\\"value\\\": \\\"<p>Vestibulum ante ipsum primis in faucibus orci luctus et ultrices posuere cubilia Curae; Donec velit neque, auctor sit amet aliquam vel, ullamcorper sit amet ligula. Curabitur non nulla sit amet nisl tempus convallis quis ac lectus. Quisque velit nisi, pretium ut lacinia in, elementum id enim. Vestibulum ac diam sit amet quam vehicula elementum sed sit amet dui. Donec sollicitudin molestie malesuada.</p>\\\", \\\"id\\\": \\\"95de10e1-10d4-4265-9419-0dbb51f147f9\\\"}]\"}",
        "approved_go_live_at": null
    }
},
{
    "model": "wagtailcore.pagerevision",
    "pk": 25,
    "fields": {
        "page": 17,
        "submitted_for_moderation": false,
        "created_at": "2021-03-08T23:43:31.050Z",
        "user": 1,
        "content_json": "{\"pk\": 17, \"path\": \"000100030008\", \"depth\": 3, \"numchild\": 0, \"translation_key\": \"bce1ebe7-6f63-4eae-9636-72bf2259c2b3\", \"locale\": 1, \"title\": \"FAQs\", \"draft_title\": \"FAQs\", \"slug\": \"faqs\", \"content_type\": 56, \"live\": true, \"has_unpublished_changes\": false, \"url_path\": \"/homepage/faqs/\", \"owner\": 1, \"seo_title\": \"\", \"show_in_menus\": true, \"search_description\": \"\", \"go_live_at\": null, \"expire_at\": null, \"expired\": false, \"locked\": false, \"locked_at\": null, \"locked_by\": null, \"first_published_at\": \"2021-03-08T23:43:17.173Z\", \"last_published_at\": \"2021-03-08T23:43:17.173Z\", \"latest_revision_created_at\": \"2021-03-08T23:43:17.139Z\", \"live_revision\": 24, \"alias_of\": null, \"body\": \"[{\\\"type\\\": \\\"paragraph\\\", \\\"value\\\": \\\"<p>Vestibulum ante ipsum primis in faucibus orci luctus et ultrices posuere cubilia Curae; Donec velit neque, auctor sit amet aliquam vel, ullamcorper sit amet ligula. Curabitur non nulla sit amet nisl tempus convallis quis ac lectus. Quisque velit nisi, pretium ut lacinia in, elementum id enim. Vestibulum ac diam sit amet quam vehicula elementum sed sit amet dui. Donec sollicitudin molestie malesuada.</p>\\\", \\\"id\\\": \\\"95de10e1-10d4-4265-9419-0dbb51f147f9\\\"}]\"}",
        "approved_go_live_at": null
    }
},
{
    "model": "wagtailcore.pagerevision",
    "pk": 26,
    "fields": {
        "page": 18,
        "submitted_for_moderation": false,
        "created_at": "2021-03-09T00:09:18.853Z",
        "user": 1,
        "content_json": "{\"pk\": 18, \"path\": \"0001000300040001\", \"depth\": 4, \"numchild\": 0, \"translation_key\": \"c8c88161-45cb-4d6f-9c45-e1c399d32fdc\", \"locale\": 1, \"title\": \"Getting Started\", \"draft_title\": \"Getting Started\", \"slug\": \"getting-started\", \"content_type\": 58, \"live\": true, \"has_unpublished_changes\": false, \"url_path\": \"/homepage/resources/getting-started/\", \"owner\": 1, \"seo_title\": \"\", \"show_in_menus\": false, \"search_description\": \"\", \"go_live_at\": null, \"expire_at\": null, \"expired\": false, \"locked\": false, \"locked_at\": null, \"locked_by\": null, \"first_published_at\": null, \"last_published_at\": null, \"latest_revision_created_at\": null, \"live_revision\": null, \"alias_of\": null}",
        "approved_go_live_at": null
    }
},
{
    "model": "wagtailcore.pagerevision",
    "pk": 27,
    "fields": {
        "page": 19,
        "submitted_for_moderation": false,
        "created_at": "2021-03-09T00:09:33.882Z",
        "user": 1,
        "content_json": "{\"pk\": 19, \"path\": \"0001000300040002\", \"depth\": 4, \"numchild\": 0, \"translation_key\": \"047e1637-b766-472a-a70e-b2159c832e47\", \"locale\": 1, \"title\": \"Financing Guide\", \"draft_title\": \"Financing Guide\", \"slug\": \"financing-guide\", \"content_type\": 58, \"live\": true, \"has_unpublished_changes\": false, \"url_path\": \"/homepage/resources/financing-guide/\", \"owner\": 1, \"seo_title\": \"\", \"show_in_menus\": false, \"search_description\": \"\", \"go_live_at\": null, \"expire_at\": null, \"expired\": false, \"locked\": false, \"locked_at\": null, \"locked_by\": null, \"first_published_at\": null, \"last_published_at\": null, \"latest_revision_created_at\": null, \"live_revision\": null, \"alias_of\": null}",
        "approved_go_live_at": null
    }
},
{
    "model": "wagtailcore.pagerevision",
    "pk": 28,
    "fields": {
        "page": 20,
        "submitted_for_moderation": false,
        "created_at": "2021-03-09T00:10:00.524Z",
        "user": 1,
        "content_json": "{\"pk\": 20, \"path\": \"0001000300040003\", \"depth\": 4, \"numchild\": 0, \"translation_key\": \"4cfdfbfc-8da7-4765-afcb-af9a7fbc6f3f\", \"locale\": 1, \"title\": \"What You Need to Know\", \"draft_title\": \"What You Need to Know\", \"slug\": \"what-you-need-to-know\", \"content_type\": 58, \"live\": true, \"has_unpublished_changes\": false, \"url_path\": \"/homepage/resources/what-you-need-to-know/\", \"owner\": 1, \"seo_title\": \"\", \"show_in_menus\": true, \"search_description\": \"\", \"go_live_at\": null, \"expire_at\": null, \"expired\": false, \"locked\": false, \"locked_at\": null, \"locked_by\": null, \"first_published_at\": null, \"last_published_at\": null, \"latest_revision_created_at\": null, \"live_revision\": null, \"alias_of\": null}",
        "approved_go_live_at": null
    }
},
{
    "model": "wagtailcore.pagerevision",
    "pk": 29,
    "fields": {
        "page": 19,
        "submitted_for_moderation": false,
        "created_at": "2021-03-09T00:10:22.469Z",
        "user": 1,
        "content_json": "{\"pk\": 19, \"path\": \"0001000300040002\", \"depth\": 4, \"numchild\": 0, \"translation_key\": \"047e1637-b766-472a-a70e-b2159c832e47\", \"locale\": 1, \"title\": \"Financing Guide\", \"draft_title\": \"Financing Guide\", \"slug\": \"financing-guide\", \"content_type\": 58, \"live\": true, \"has_unpublished_changes\": false, \"url_path\": \"/homepage/resources/financing-guide/\", \"owner\": 1, \"seo_title\": \"\", \"show_in_menus\": true, \"search_description\": \"\", \"go_live_at\": null, \"expire_at\": null, \"expired\": false, \"locked\": false, \"locked_at\": null, \"locked_by\": null, \"first_published_at\": \"2021-03-09T00:09:33.906Z\", \"last_published_at\": \"2021-03-09T00:09:33.906Z\", \"latest_revision_created_at\": \"2021-03-09T00:09:33.882Z\", \"live_revision\": 27, \"alias_of\": null}",
        "approved_go_live_at": null
    }
},
{
    "model": "wagtailcore.pagerevision",
    "pk": 30,
    "fields": {
        "page": 18,
        "submitted_for_moderation": false,
        "created_at": "2021-03-09T00:10:39.085Z",
        "user": 1,
        "content_json": "{\"pk\": 18, \"path\": \"0001000300040001\", \"depth\": 4, \"numchild\": 0, \"translation_key\": \"c8c88161-45cb-4d6f-9c45-e1c399d32fdc\", \"locale\": 1, \"title\": \"Getting Started\", \"draft_title\": \"Getting Started\", \"slug\": \"getting-started\", \"content_type\": 58, \"live\": true, \"has_unpublished_changes\": false, \"url_path\": \"/homepage/resources/getting-started/\", \"owner\": 1, \"seo_title\": \"\", \"show_in_menus\": true, \"search_description\": \"\", \"go_live_at\": null, \"expire_at\": null, \"expired\": false, \"locked\": false, \"locked_at\": null, \"locked_by\": null, \"first_published_at\": \"2021-03-09T00:09:18.885Z\", \"last_published_at\": \"2021-03-09T00:09:18.885Z\", \"latest_revision_created_at\": \"2021-03-09T00:09:18.853Z\", \"live_revision\": 26, \"alias_of\": null}",
        "approved_go_live_at": null
    }
},
{
    "model": "wagtailcore.pagerevision",
    "pk": 31,
    "fields": {
        "page": 21,
        "submitted_for_moderation": false,
        "created_at": "2021-03-09T00:11:11.598Z",
        "user": 1,
        "content_json": "{\"pk\": 21, \"path\": \"0001000300040004\", \"depth\": 4, \"numchild\": 0, \"translation_key\": \"b524d7f1-1aa5-4405-bc8c-7d7bc1b90422\", \"locale\": 1, \"title\": \"Designing Your Home\", \"draft_title\": \"Designing Your Home\", \"slug\": \"designing-your-home\", \"content_type\": 58, \"live\": true, \"has_unpublished_changes\": false, \"url_path\": \"/homepage/resources/designing-your-home/\", \"owner\": 1, \"seo_title\": \"\", \"show_in_menus\": false, \"search_description\": \"\", \"go_live_at\": null, \"expire_at\": null, \"expired\": false, \"locked\": false, \"locked_at\": null, \"locked_by\": null, \"first_published_at\": null, \"last_published_at\": null, \"latest_revision_created_at\": null, \"live_revision\": null, \"alias_of\": null}",
        "approved_go_live_at": null
    }
},
{
    "model": "wagtailcore.pagerevision",
    "pk": 32,
    "fields": {
        "page": 22,
        "submitted_for_moderation": false,
        "created_at": "2021-03-09T00:11:38.197Z",
        "user": 1,
        "content_json": "{\"pk\": 22, \"path\": \"0001000300040005\", \"depth\": 4, \"numchild\": 0, \"translation_key\": \"e37778e0-26ed-447c-848e-529672a76af3\", \"locale\": 1, \"title\": \"General Contractors\", \"draft_title\": \"General Contractors\", \"slug\": \"general-contractors\", \"content_type\": 58, \"live\": true, \"has_unpublished_changes\": false, \"url_path\": \"/homepage/resources/general-contractors/\", \"owner\": 1, \"seo_title\": \"\", \"show_in_menus\": true, \"search_description\": \"\", \"go_live_at\": null, \"expire_at\": null, \"expired\": false, \"locked\": false, \"locked_at\": null, \"locked_by\": null, \"first_published_at\": null, \"last_published_at\": null, \"latest_revision_created_at\": null, \"live_revision\": null, \"alias_of\": null}",
        "approved_go_live_at": null
    }
},
{
    "model": "wagtailcore.pagerevision",
    "pk": 33,
    "fields": {
        "page": 23,
        "submitted_for_moderation": false,
        "created_at": "2021-03-09T00:16:14.022Z",
        "user": 1,
        "content_json": "{\"pk\": 23, \"path\": \"0001000300040006\", \"depth\": 4, \"numchild\": 0, \"translation_key\": \"b9de8b88-8d2e-4836-8c34-a2a446411f2b\", \"locale\": 1, \"title\": \"Final Planning Stage\", \"draft_title\": \"Final Planning Stage\", \"slug\": \"final-planning-stage\", \"content_type\": 58, \"live\": true, \"has_unpublished_changes\": false, \"url_path\": \"/homepage/resources/final-planning-stage/\", \"owner\": 1, \"seo_title\": \"\", \"show_in_menus\": true, \"search_description\": \"\", \"go_live_at\": null, \"expire_at\": null, \"expired\": false, \"locked\": false, \"locked_at\": null, \"locked_by\": null, \"first_published_at\": null, \"last_published_at\": null, \"latest_revision_created_at\": null, \"live_revision\": null, \"alias_of\": null}",
        "approved_go_live_at": null
    }
},
{
    "model": "wagtailcore.pagerevision",
    "pk": 34,
    "fields": {
        "page": 24,
        "submitted_for_moderation": false,
        "created_at": "2021-03-09T00:16:35.913Z",
        "user": 1,
        "content_json": "{\"pk\": 24, \"path\": \"0001000300040007\", \"depth\": 4, \"numchild\": 0, \"translation_key\": \"aec6e801-84ab-475c-a0b2-3b5dd58fc026\", \"locale\": 1, \"title\": \"Prepping Your Site\", \"draft_title\": \"Prepping Your Site\", \"slug\": \"prepping-your-site\", \"content_type\": 58, \"live\": true, \"has_unpublished_changes\": false, \"url_path\": \"/homepage/resources/prepping-your-site/\", \"owner\": 1, \"seo_title\": \"\", \"show_in_menus\": true, \"search_description\": \"\", \"go_live_at\": null, \"expire_at\": null, \"expired\": false, \"locked\": false, \"locked_at\": null, \"locked_by\": null, \"first_published_at\": null, \"last_published_at\": null, \"latest_revision_created_at\": null, \"live_revision\": null, \"alias_of\": null}",
        "approved_go_live_at": null
    }
},
{
    "model": "wagtailcore.pagerevision",
    "pk": 35,
    "fields": {
        "page": 25,
        "submitted_for_moderation": false,
        "created_at": "2021-03-09T00:18:58.314Z",
        "user": 1,
        "content_json": "{\"pk\": 25, \"path\": \"0001000300040008\", \"depth\": 4, \"numchild\": 0, \"translation_key\": \"78f6013f-bd56-40a4-a97b-b4d834190109\", \"locale\": 1, \"title\": \"Home Delivery\", \"draft_title\": \"Home Delivery\", \"slug\": \"home-delivery\", \"content_type\": 58, \"live\": true, \"has_unpublished_changes\": false, \"url_path\": \"/homepage/resources/home-delivery/\", \"owner\": 1, \"seo_title\": \"\", \"show_in_menus\": true, \"search_description\": \"\", \"go_live_at\": null, \"expire_at\": null, \"expired\": false, \"locked\": false, \"locked_at\": null, \"locked_by\": null, \"first_published_at\": null, \"last_published_at\": null, \"latest_revision_created_at\": null, \"live_revision\": null, \"alias_of\": null}",
        "approved_go_live_at": null
    }
},
{
    "model": "wagtailcore.pagerevision",
    "pk": 36,
    "fields": {
        "page": 26,
        "submitted_for_moderation": false,
        "created_at": "2021-03-09T00:19:24.603Z",
        "user": 1,
        "content_json": "{\"pk\": 26, \"path\": \"0001000300040009\", \"depth\": 4, \"numchild\": 0, \"translation_key\": \"81d2afa8-a492-4269-9206-16745e7efdad\", \"locale\": 1, \"title\": \"Onsite Work\", \"draft_title\": \"Onsite Work\", \"slug\": \"onsite-work\", \"content_type\": 58, \"live\": true, \"has_unpublished_changes\": false, \"url_path\": \"/homepage/resources/onsite-work/\", \"owner\": 1, \"seo_title\": \"\", \"show_in_menus\": true, \"search_description\": \"\", \"go_live_at\": null, \"expire_at\": null, \"expired\": false, \"locked\": false, \"locked_at\": null, \"locked_by\": null, \"first_published_at\": null, \"last_published_at\": null, \"latest_revision_created_at\": null, \"live_revision\": null, \"alias_of\": null}",
        "approved_go_live_at": null
    }
},
{
    "model": "wagtailcore.pagerevision",
    "pk": 37,
    "fields": {
        "page": 27,
        "submitted_for_moderation": false,
        "created_at": "2021-03-09T00:19:44.095Z",
        "user": 1,
        "content_json": "{\"pk\": 27, \"path\": \"000100030004000A\", \"depth\": 4, \"numchild\": 0, \"translation_key\": \"bf14bb4f-3f88-4926-9a34-df6185e50776\", \"locale\": 1, \"title\": \"Maintenance & Upkeep\", \"draft_title\": \"Maintenance & Upkeep\", \"slug\": \"maintenance-upkeep\", \"content_type\": 58, \"live\": true, \"has_unpublished_changes\": false, \"url_path\": \"/homepage/resources/maintenance-upkeep/\", \"owner\": 1, \"seo_title\": \"\", \"show_in_menus\": true, \"search_description\": \"\", \"go_live_at\": null, \"expire_at\": null, \"expired\": false, \"locked\": false, \"locked_at\": null, \"locked_by\": null, \"first_published_at\": null, \"last_published_at\": null, \"latest_revision_created_at\": null, \"live_revision\": null, \"alias_of\": null}",
        "approved_go_live_at": null
    }
},
{
    "model": "wagtailcore.pagerevision",
    "pk": 38,
    "fields": {
        "page": 8,
        "submitted_for_moderation": false,
        "created_at": "2021-03-09T01:09:25.474Z",
        "user": 1,
        "content_json": "{\"pk\": 8, \"path\": \"000100030002\", \"depth\": 3, \"numchild\": 0, \"translation_key\": \"e7dd2134-3f97-45d3-98d5-42142e9ee5bd\", \"locale\": 1, \"title\": \"Homes\", \"draft_title\": \"Homes\", \"slug\": \"homes\", \"content_type\": 41, \"live\": true, \"has_unpublished_changes\": true, \"url_path\": \"/homepage/homes/\", \"owner\": 1, \"seo_title\": \"\", \"show_in_menus\": true, \"search_description\": \"\", \"go_live_at\": null, \"expire_at\": null, \"expired\": false, \"locked\": false, \"locked_at\": null, \"locked_by\": null, \"first_published_at\": \"2021-03-02T00:09:11.007Z\", \"last_published_at\": \"2021-03-02T00:09:11.007Z\", \"latest_revision_created_at\": \"2021-03-02T00:14:27.539Z\", \"live_revision\": 6, \"alias_of\": null, \"intro\": \"Build your home\"}",
        "approved_go_live_at": null
    }
},
{
    "model": "wagtailcore.pagerevision",
    "pk": 39,
    "fields": {
        "page": 28,
        "submitted_for_moderation": false,
        "created_at": "2021-03-09T02:00:35.025Z",
        "user": 1,
        "content_json": "{\"pk\": 28, \"path\": \"000100030009\", \"depth\": 3, \"numchild\": 0, \"translation_key\": \"bd3957c1-6798-41b9-adb6-912d1a3c7e47\", \"locale\": 1, \"title\": \"Privacy Policy\", \"draft_title\": \"Privacy Policy\", \"slug\": \"privacy-policy\", \"content_type\": 56, \"live\": true, \"has_unpublished_changes\": false, \"url_path\": \"/homepage/privacy-policy/\", \"owner\": 1, \"seo_title\": \"\", \"show_in_menus\": true, \"search_description\": \"\", \"go_live_at\": null, \"expire_at\": null, \"expired\": false, \"locked\": false, \"locked_at\": null, \"locked_by\": null, \"first_published_at\": null, \"last_published_at\": null, \"latest_revision_created_at\": null, \"live_revision\": null, \"alias_of\": null, \"body\": \"[{\\\"type\\\": \\\"paragraph\\\", \\\"value\\\": \\\"<p>Praesent sapien massa, convallis a pellentesque nec, egestas non nisi. Nulla porttitor accumsan tincidunt. Pellentesque in ipsum id orci porta dapibus. Vivamus suscipit tortor eget felis porttitor volutpat. Proin eget tortor risus.</p>\\\", \\\"id\\\": \\\"04609496-8d95-481f-97a6-aea92acd979e\\\"}]\"}",
        "approved_go_live_at": null
    }
},
{
    "model": "wagtailcore.pagerevision",
    "pk": 40,
    "fields": {
        "page": 6,
        "submitted_for_moderation": false,
        "created_at": "2021-03-10T14:40:39.692Z",
        "user": 1,
        "content_json": "{\"pk\": 6, \"path\": \"00010003\", \"depth\": 2, \"numchild\": 9, \"translation_key\": \"831533cc-94af-4de2-9986-8490d5eb67cb\", \"locale\": 1, \"title\": \"Homepage\", \"draft_title\": \"Homepage\", \"slug\": \"homepage\", \"content_type\": 56, \"live\": true, \"has_unpublished_changes\": false, \"url_path\": \"/homepage/\", \"owner\": 1, \"seo_title\": \"\", \"show_in_menus\": false, \"search_description\": \"\", \"go_live_at\": null, \"expire_at\": null, \"expired\": false, \"locked\": false, \"locked_at\": null, \"locked_by\": null, \"first_published_at\": \"2021-03-02T00:07:25.898Z\", \"last_published_at\": \"2021-03-06T00:20:06.413Z\", \"latest_revision_created_at\": \"2021-03-06T00:20:06.372Z\", \"live_revision\": 21, \"alias_of\": null, \"body\": \"[{\\\"type\\\": \\\"hero\\\", \\\"value\\\": {\\\"heading\\\": \\\"We Give You the Resources and Freedom to Build Your Dream Home\\\", \\\"introduction\\\": \\\"Let's start with finding the type of modular home you're interested in\\\", \\\"image\\\": 4, \\\"search_button_text\\\": \\\"Search Homes\\\", \\\"filter_bar_text\\\": \\\"Just looking for the right price range? Find homes...\\\"}, \\\"id\\\": \\\"0e8a1491-18b9-4634-a3a6-deee47836f6d\\\"}, {\\\"type\\\": \\\"resourcesCTA\\\", \\\"value\\\": {\\\"style\\\": \\\"WH\\\"}, \\\"id\\\": \\\"c4662919-f520-44bd-98ce-3a195796be5e\\\"}, {\\\"type\\\": \\\"paragraph\\\", \\\"value\\\": \\\"<p>Mauris blandit aliquet elit, eget tincidunt nibh pulvinar a. Nulla quis lorem ut libero malesuada feugiat. Cras ultricies ligula sed magna dictum porta. Vivamus magna justo, lacinia eget consectetur sed, convallis at tellus. Vivamus suscipit tortor eget felis porttitor volutpat. Nulla quis lorem ut libero malesuada feugiat. Vestibulum ante ipsum primis in faucibus orci luctus et ultrices posuere cubilia Curae; Donec velit neque, auctor sit amet aliquam vel, ullamcorper sit amet ligula. Vivamus magna justo, lacinia eget consectetur sed, convallis at tellus. Praesent sapien massa, convallis a pellentesque nec, egestas non nisi. Pellentesque in ipsum id orci porta dapibus. Donec rutrum congue leo eget malesuada. Quisque velit nisi, pretium ut lacinia in, elementum id enim. Sed porttitor lectus nibh. Curabitur non nulla sit amet nisl tempus convallis quis ac lectus. Donec sollicitudin molestie malesuada. Curabitur non nulla sit amet nisl tempus convallis quis ac lectus. Lorem ipsum dolor sit amet, consectetur adipiscing elit. Curabitur arcu erat, accumsan id imperdiet et, porttitor at sem. Proin eget tortor risus. Donec rutrum congue leo eget malesuada.</p>\\\", \\\"id\\\": \\\"4d17a1ca-71e0-4643-b079-04e24483cb1b\\\"}]\"}",
        "approved_go_live_at": null
    }
},
{
    "model": "wagtailcore.pagerevision",
    "pk": 41,
    "fields": {
        "page": 29,
        "submitted_for_moderation": false,
        "created_at": "2021-03-23T14:10:10.773Z",
        "user": 1,
        "content_json": "{\"pk\": 29, \"path\": \"00010003000300020001\", \"depth\": 5, \"numchild\": 0, \"translation_key\": \"f6f5c77a-5316-446c-9df5-f3380d9f39cf\", \"locale\": 1, \"title\": \"Manufacturer 1\", \"draft_title\": \"Manufacturer 1\", \"slug\": \"manufacturer-1\", \"content_type\": 47, \"live\": true, \"has_unpublished_changes\": false, \"url_path\": \"/homepage/partners/manufacturers/manufacturer-1/\", \"owner\": 1, \"seo_title\": \"\", \"show_in_menus\": false, \"search_description\": \"\", \"go_live_at\": null, \"expire_at\": null, \"expired\": false, \"locked\": false, \"locked_at\": null, \"locked_by\": null, \"first_published_at\": null, \"last_published_at\": null, \"latest_revision_created_at\": null, \"live_revision\": null, \"alias_of\": null, \"name\": \"Manufacturer 1\", \"logo\": 3, \"phone\": \"1231231234\", \"website\": \"http://www.test.com\", \"main_image\": 2, \"gallery_images\": [], \"locations\": [1, 2, 3]}",
        "approved_go_live_at": null
    }
},
{
    "model": "wagtailcore.pagerevision",
    "pk": 42,
    "fields": {
        "page": 30,
        "submitted_for_moderation": false,
        "created_at": "2021-03-23T14:12:35.731Z",
        "user": 1,
        "content_json": "{\"pk\": 30, \"path\": \"0001000300020001\", \"depth\": 4, \"numchild\": 0, \"translation_key\": \"4b85695c-a808-4917-bab0-908fe4f0a4ff\", \"locale\": 1, \"title\": \"Home 1\", \"draft_title\": \"Home 1\", \"slug\": \"home-1\", \"content_type\": 43, \"live\": true, \"has_unpublished_changes\": false, \"url_path\": \"/homepage/homes/home-1/\", \"owner\": 1, \"seo_title\": \"\", \"show_in_menus\": false, \"search_description\": \"\", \"go_live_at\": null, \"expire_at\": null, \"expired\": false, \"locked\": false, \"locked_at\": null, \"locked_by\": null, \"first_published_at\": null, \"last_published_at\": null, \"latest_revision_created_at\": null, \"live_revision\": null, \"alias_of\": null, \"code\": \"00001\", \"certified\": true, \"sqft\": 160, \"bedrooms\": 3, \"baths\": 2.0, \"stories\": 2.0, \"cost\": 670000, \"estimated_cost\": 700000, \"link\": \"http://www.link.com\", \"floorplans_link\": \"http://www.floorplans.com\", \"info\": \"Lorem Ipsum\", \"main_image\": 2, \"style\": 1, \"partner\": 29, \"floorplan_gallery_images\": [{\"pk\": 1, \"sort_order\": 0, \"page\": 30, \"image\": 5, \"caption\": \"\"}], \"elevation_gallery_images\": [{\"pk\": 1, \"sort_order\": 0, \"page\": 30, \"image\": 6, \"caption\": \"\"}]}",
        "approved_go_live_at": null
    }
},
{
    "model": "forum.forum",
    "pk": 1,
    "fields": {
        "created": "2021-03-09T16:28:43.597Z",
        "updated": "2021-03-09T16:28:43.597Z",
        "parent": null,
        "name": "General",
        "slug": "general",
        "description": "",
        "image": "",
        "link": null,
        "link_redirects": false,
        "type": 0,
        "direct_posts_count": 0,
        "direct_topics_count": 0,
        "link_redirects_count": 0,
        "last_post": null,
        "last_post_on": null,
        "display_sub_forum_list": true,
        "_description_rendered": "<p></p>",
        "lft": 1,
        "rght": 2,
        "tree_id": 1,
        "level": 0
    }
},
{
    "model": "forum_conversation.topic",
    "pk": 1,
    "fields": {
        "forum": 1,
        "poster": null,
        "subject": "Question demo",
        "slug": "question-demo",
        "type": 0,
        "status": 0,
        "approved": true,
        "posts_count": 0,
        "views_count": 19,
        "last_post_on": null,
        "first_post": null,
        "last_post": null,
        "created": "2021-03-09T16:29:08.784Z",
        "updated": "2021-03-09T17:51:40.360Z",
        "subscribers": []
    }
},
{
    "model": "forum_tracking.forumreadtrack",
    "pk": 1,
    "fields": {
        "user": 1,
        "forum": 1,
        "mark_time": "2021-03-09T17:05:35.994Z"
    }
},
{
    "model": "forum_member.forumprofile",
    "pk": 1,
    "fields": {
        "user": 1,
        "avatar": "",
        "signature": null,
        "posts_count": 0,
        "_signature_rendered": null
    }
},
{
    "model": "forum_permission.forumpermission",
    "pk": 1,
    "fields": {
        "codename": "can_see_forum"
    }
},
{
    "model": "forum_permission.forumpermission",
    "pk": 2,
    "fields": {
        "codename": "can_read_forum"
    }
},
{
    "model": "forum_permission.forumpermission",
    "pk": 3,
    "fields": {
        "codename": "can_start_new_topics"
    }
},
{
    "model": "forum_permission.forumpermission",
    "pk": 4,
    "fields": {
        "codename": "can_reply_to_topics"
    }
},
{
    "model": "forum_permission.forumpermission",
    "pk": 5,
    "fields": {
        "codename": "can_post_announcements"
    }
},
{
    "model": "forum_permission.forumpermission",
    "pk": 6,
    "fields": {
        "codename": "can_post_stickies"
    }
},
{
    "model": "forum_permission.forumpermission",
    "pk": 7,
    "fields": {
        "codename": "can_delete_own_posts"
    }
},
{
    "model": "forum_permission.forumpermission",
    "pk": 8,
    "fields": {
        "codename": "can_edit_own_posts"
    }
},
{
    "model": "forum_permission.forumpermission",
    "pk": 9,
    "fields": {
        "codename": "can_post_without_approval"
    }
},
{
    "model": "forum_permission.forumpermission",
    "pk": 10,
    "fields": {
        "codename": "can_create_polls"
    }
},
{
    "model": "forum_permission.forumpermission",
    "pk": 11,
    "fields": {
        "codename": "can_vote_in_polls"
    }
},
{
    "model": "forum_permission.forumpermission",
    "pk": 12,
    "fields": {
        "codename": "can_attach_file"
    }
},
{
    "model": "forum_permission.forumpermission",
    "pk": 13,
    "fields": {
        "codename": "can_download_file"
    }
},
{
    "model": "forum_permission.forumpermission",
    "pk": 14,
    "fields": {
        "codename": "can_lock_topics"
    }
},
{
    "model": "forum_permission.forumpermission",
    "pk": 15,
    "fields": {
        "codename": "can_move_topics"
    }
},
{
    "model": "forum_permission.forumpermission",
    "pk": 16,
    "fields": {
        "codename": "can_edit_posts"
    }
},
{
    "model": "forum_permission.forumpermission",
    "pk": 17,
    "fields": {
        "codename": "can_delete_posts"
    }
},
{
    "model": "forum_permission.forumpermission",
    "pk": 18,
    "fields": {
        "codename": "can_approve_posts"
    }
},
{
    "model": "forum_permission.forumpermission",
    "pk": 19,
    "fields": {
        "codename": "can_reply_to_locked_topics"
    }
},
{
    "model": "forum_permission.userforumpermission",
    "pk": 1,
    "fields": {
        "permission": 2,
        "has_perm": true,
        "forum": null,
        "user": null,
        "anonymous_user": true,
        "authenticated_user": false
    }
},
{
    "model": "forum_permission.userforumpermission",
    "pk": 2,
    "fields": {
        "permission": 1,
        "has_perm": true,
        "forum": null,
        "user": null,
        "anonymous_user": true,
        "authenticated_user": false
    }
},
{
    "model": "forum_permission.userforumpermission",
    "pk": 3,
    "fields": {
        "permission": 7,
        "has_perm": true,
        "forum": null,
        "user": null,
        "anonymous_user": true,
        "authenticated_user": false
    }
},
{
    "model": "forum_permission.userforumpermission",
    "pk": 4,
    "fields": {
        "permission": 8,
        "has_perm": true,
        "forum": null,
        "user": null,
        "anonymous_user": true,
        "authenticated_user": false
    }
},
{
    "model": "forum_permission.userforumpermission",
    "pk": 7,
    "fields": {
        "permission": 19,
        "has_perm": true,
        "forum": null,
        "user": null,
        "anonymous_user": true,
        "authenticated_user": false
    }
},
{
    "model": "forum_permission.userforumpermission",
    "pk": 8,
    "fields": {
        "permission": 9,
        "has_perm": true,
        "forum": null,
        "user": null,
        "anonymous_user": true,
        "authenticated_user": false
    }
},
{
    "model": "forum_permission.userforumpermission",
    "pk": 9,
    "fields": {
        "permission": 4,
        "has_perm": true,
        "forum": null,
        "user": null,
        "anonymous_user": true,
        "authenticated_user": false
    }
},
{
    "model": "forum_permission.userforumpermission",
    "pk": 10,
    "fields": {
        "permission": 3,
        "has_perm": true,
        "forum": null,
        "user": null,
        "anonymous_user": true,
        "authenticated_user": false
    }
},
{
    "model": "wagtailmenus.mainmenuitem",
    "pk": 1,
    "fields": {
        "sort_order": 0,
        "link_page": 10,
        "link_url": null,
        "url_append": "",
        "handle": "",
        "link_text": "",
        "allow_subnav": true,
        "menu": 1
    }
},
{
    "model": "wagtailmenus.mainmenuitem",
    "pk": 2,
    "fields": {
        "sort_order": 1,
        "link_page": 11,
        "link_url": null,
        "url_append": "",
        "handle": "",
        "link_text": "",
        "allow_subnav": true,
        "menu": 1
    }
},
{
    "model": "wagtailmenus.mainmenuitem",
    "pk": 4,
    "fields": {
        "sort_order": 2,
        "link_page": 15,
        "link_url": null,
        "url_append": "",
        "handle": "",
        "link_text": "",
        "allow_subnav": true,
        "menu": 1
    }
},
{
    "model": "wagtailmenus.flatmenuitem",
    "pk": 1,
    "fields": {
        "sort_order": 0,
        "link_page": 16,
        "link_url": null,
        "url_append": "",
        "handle": "",
        "link_text": "Our Mission",
        "allow_subnav": false,
        "menu": 1
    }
},
{
    "model": "wagtailmenus.flatmenuitem",
    "pk": 2,
    "fields": {
        "sort_order": 1,
        "link_page": 15,
        "link_url": null,
        "url_append": "",
        "handle": "",
        "link_text": "Contact Us",
        "allow_subnav": false,
        "menu": 1
    }
},
{
    "model": "wagtailmenus.flatmenuitem",
    "pk": 3,
    "fields": {
        "sort_order": 2,
        "link_page": 17,
        "link_url": null,
        "url_append": "",
        "handle": "",
        "link_text": "FAQs",
        "allow_subnav": false,
        "menu": 1
    }
},
{
    "model": "wagtailmenus.flatmenuitem",
    "pk": 4,
    "fields": {
        "sort_order": 0,
        "link_page": 18,
        "link_url": null,
        "url_append": "",
        "handle": "",
        "link_text": "",
        "allow_subnav": false,
        "menu": 2
    }
},
{
    "model": "wagtailmenus.flatmenuitem",
    "pk": 5,
    "fields": {
        "sort_order": 1,
        "link_page": 19,
        "link_url": null,
        "url_append": "",
        "handle": "",
        "link_text": "",
        "allow_subnav": false,
        "menu": 2
    }
},
{
    "model": "wagtailmenus.flatmenuitem",
    "pk": 6,
    "fields": {
        "sort_order": 2,
        "link_page": 20,
        "link_url": null,
        "url_append": "",
        "handle": "",
        "link_text": "",
        "allow_subnav": false,
        "menu": 2
    }
},
{
    "model": "wagtailmenus.flatmenuitem",
    "pk": 7,
    "fields": {
        "sort_order": 3,
        "link_page": 21,
        "link_url": null,
        "url_append": "",
        "handle": "",
        "link_text": "",
        "allow_subnav": false,
        "menu": 2
    }
},
{
    "model": "wagtailmenus.flatmenuitem",
    "pk": 8,
    "fields": {
        "sort_order": 4,
        "link_page": 22,
        "link_url": null,
        "url_append": "",
        "handle": "",
        "link_text": "",
        "allow_subnav": false,
        "menu": 2
    }
},
{
    "model": "wagtailmenus.flatmenuitem",
    "pk": 9,
    "fields": {
        "sort_order": 5,
        "link_page": 23,
        "link_url": null,
        "url_append": "",
        "handle": "",
        "link_text": "",
        "allow_subnav": false,
        "menu": 2
    }
},
{
    "model": "wagtailmenus.flatmenuitem",
    "pk": 10,
    "fields": {
        "sort_order": 6,
        "link_page": 24,
        "link_url": null,
        "url_append": "",
        "handle": "",
        "link_text": "",
        "allow_subnav": false,
        "menu": 2
    }
},
{
    "model": "wagtailmenus.flatmenuitem",
    "pk": 11,
    "fields": {
        "sort_order": 7,
        "link_page": 25,
        "link_url": null,
        "url_append": "",
        "handle": "",
        "link_text": "",
        "allow_subnav": false,
        "menu": 2
    }
},
{
    "model": "wagtailmenus.flatmenuitem",
    "pk": 12,
    "fields": {
        "sort_order": 8,
        "link_page": 26,
        "link_url": null,
        "url_append": "",
        "handle": "",
        "link_text": "",
        "allow_subnav": false,
        "menu": 2
    }
},
{
    "model": "wagtailmenus.flatmenuitem",
    "pk": 13,
    "fields": {
        "sort_order": 9,
        "link_page": 27,
        "link_url": null,
        "url_append": "",
        "handle": "",
        "link_text": "",
        "allow_subnav": false,
        "menu": 2
    }
},
{
    "model": "wagtailmenus.flatmenuitem",
    "pk": 14,
    "fields": {
        "sort_order": 0,
        "link_page": 14,
        "link_url": null,
        "url_append": "",
        "handle": "",
        "link_text": "",
        "allow_subnav": false,
        "menu": 3
    }
},
{
    "model": "wagtailmenus.flatmenuitem",
    "pk": 15,
    "fields": {
        "sort_order": 1,
        "link_page": 13,
        "link_url": null,
        "url_append": "",
        "handle": "",
        "link_text": "",
        "allow_subnav": false,
        "menu": 3
    }
},
{
    "model": "wagtailmenus.flatmenuitem",
    "pk": 16,
    "fields": {
        "sort_order": 0,
        "link_page": null,
        "link_url": "/forum/forum/general-1/topic/create/",
        "url_append": "",
        "handle": "",
        "link_text": "Ask a Question",
        "allow_subnav": false,
        "menu": 4
    }
},
{
    "model": "wagtailmenus.flatmenuitem",
    "pk": 17,
    "fields": {
        "sort_order": 1,
        "link_page": null,
        "link_url": "/forum/search/",
        "url_append": "",
        "handle": "",
        "link_text": "Search Forum",
        "allow_subnav": false,
        "menu": 4
    }
},
{
    "model": "wagtailmenus.flatmenuitem",
    "pk": 18,
    "fields": {
        "sort_order": 0,
        "link_page": 8,
        "link_url": null,
        "url_append": "?style=ranch",
        "handle": "",
        "link_text": "Ranch",
        "allow_subnav": false,
        "menu": 5
    }
},
{
    "model": "wagtailmenus.flatmenuitem",
    "pk": 19,
    "fields": {
        "sort_order": 1,
        "link_page": 8,
        "link_url": null,
        "url_append": "?style=two-story",
        "handle": "",
        "link_text": "Two-Story",
        "allow_subnav": false,
        "menu": 5
    }
},
{
    "model": "wagtailmenus.flatmenuitem",
    "pk": 20,
    "fields": {
        "sort_order": 2,
        "link_page": 8,
        "link_url": null,
        "url_append": "?style=cape-cod",
        "handle": "",
        "link_text": "Cape Cod",
        "allow_subnav": false,
        "menu": 5
    }
},
{
    "model": "wagtailmenus.flatmenuitem",
    "pk": 21,
    "fields": {
        "sort_order": 3,
        "link_page": 8,
        "link_url": null,
        "url_append": "?style=chalet",
        "handle": "",
        "link_text": "Chalet",
        "allow_subnav": false,
        "menu": 5
    }
},
{
    "model": "wagtailmenus.flatmenuitem",
    "pk": 22,
    "fields": {
        "sort_order": 4,
        "link_page": 8,
        "link_url": null,
        "url_append": "?style=colonial",
        "handle": "",
        "link_text": "Colonial",
        "allow_subnav": false,
        "menu": 5
    }
},
{
    "model": "wagtailmenus.flatmenuitem",
    "pk": 23,
    "fields": {
        "sort_order": 5,
        "link_page": 8,
        "link_url": null,
        "url_append": "?style=modern-steel-frame",
        "handle": "",
        "link_text": "Modern/Steel Frame",
        "allow_subnav": false,
        "menu": 5
    }
},
{
    "model": "wagtailmenus.flatmenuitem",
    "pk": 24,
    "fields": {
        "sort_order": 6,
        "link_page": 8,
        "link_url": null,
        "url_append": "?style=green",
        "handle": "",
        "link_text": "Green",
        "allow_subnav": false,
        "menu": 5
    }
},
{
    "model": "wagtailmenus.flatmenuitem",
    "pk": 25,
    "fields": {
        "sort_order": 7,
        "link_page": 8,
        "link_url": null,
        "url_append": "?style=mansion",
        "handle": "",
        "link_text": "Mansion",
        "allow_subnav": false,
        "menu": 5
    }
},
{
    "model": "wagtailmenus.flatmenuitem",
    "pk": 26,
    "fields": {
        "sort_order": 8,
        "link_page": 8,
        "link_url": null,
        "url_append": "?price-range=under-50000",
        "handle": "",
        "link_text": "Under $50.000",
        "allow_subnav": false,
        "menu": 5
    }
},
{
    "model": "wagtailmenus.flatmenuitem",
    "pk": 27,
    "fields": {
        "sort_order": 9,
        "link_page": 8,
        "link_url": null,
        "url_append": "?price-range=under-100000",
        "handle": "",
        "link_text": "Under $100.000",
        "allow_subnav": false,
        "menu": 5
    }
},
{
    "model": "wagtailmenus.flatmenuitem",
    "pk": 28,
    "fields": {
        "sort_order": 10,
        "link_page": 8,
        "link_url": null,
        "url_append": "?price-range=under-200000",
        "handle": "",
        "link_text": "Under $200.000",
        "allow_subnav": false,
        "menu": 5
    }
},
{
    "model": "wagtailmenus.flatmenuitem",
    "pk": 29,
    "fields": {
        "sort_order": 11,
        "link_page": 8,
        "link_url": null,
        "url_append": "?price-range=under-300000",
        "handle": "",
        "link_text": "Under $300.000",
        "allow_subnav": false,
        "menu": 5
    }
},
{
    "model": "wagtailmenus.flatmenuitem",
    "pk": 30,
    "fields": {
        "sort_order": 12,
        "link_page": 8,
        "link_url": null,
        "url_append": "?price-range=over-300000",
        "handle": "",
        "link_text": "$300.000+",
        "allow_subnav": false,
        "menu": 5
    }
},
{
    "model": "wagtailmenus.flatmenuitem",
    "pk": 31,
    "fields": {
        "sort_order": 0,
        "link_page": 28,
        "link_url": null,
        "url_append": "",
        "handle": "",
        "link_text": "",
        "allow_subnav": false,
        "menu": 6
    }
},
{
    "model": "wagtailmenus.mainmenu",
    "pk": 1,
    "fields": {
        "site": 1,
        "max_levels": 2
    }
},
{
    "model": "wagtailmenus.flatmenu",
    "pk": 1,
    "fields": {
        "site": 1,
        "title": "About Us",
        "handle": "about",
        "heading": "About Us",
        "max_levels": 1
    }
},
{
    "model": "wagtailmenus.flatmenu",
    "pk": 2,
    "fields": {
        "site": 1,
        "title": "Resources",
        "handle": "resources",
        "heading": "Building Resources",
        "max_levels": 1
    }
},
{
    "model": "wagtailmenus.flatmenu",
    "pk": 3,
    "fields": {
        "site": 1,
        "title": "Partners",
        "handle": "partners",
        "heading": "Our Partners",
        "max_levels": 1
    }
},
{
    "model": "wagtailmenus.flatmenu",
    "pk": 4,
    "fields": {
        "site": 1,
        "title": "Forum",
        "handle": "forum",
        "heading": "Forum",
        "max_levels": 1
    }
},
{
    "model": "wagtailmenus.flatmenu",
    "pk": 5,
    "fields": {
        "site": 1,
        "title": "Find Home",
        "handle": "find_home",
        "heading": "Find Your Home by Style or Price",
        "max_levels": 1
    }
},
{
    "model": "wagtailmenus.flatmenu",
    "pk": 6,
    "fields": {
        "site": 1,
        "title": "Footer Bottom",
        "handle": "footer_bottom",
        "heading": "",
        "max_levels": 1
    }
},
{
    "model": "base.mhosettings",
    "pk": 1,
    "fields": {
        "logo": 3,
        "logo_white": 3,
        "contact_email": "services@mho.com",
        "search_button_text": "Find Your Home"
    }
},
{
    "model": "homes.homesindexpage",
    "pk": 8,
    "fields": {
        "intro": "Build your home"
    }
},
{
    "model": "homes.stylecategory",
    "pk": 1,
    "fields": {
        "name": "Ranch"
    }
},
{
    "model": "homes.stylecategory",
    "pk": 2,
    "fields": {
        "name": "Chalet"
    }
},
{
    "model": "homes.stylecategory",
    "pk": 3,
    "fields": {
        "name": "Colonial"
    }
},
{
    "model": "homes.stylecategory",
    "pk": 4,
    "fields": {
        "name": "Cape Cod"
    }
},
{
    "model": "homes.stylecategory",
    "pk": 5,
    "fields": {
        "name": "Two-Story"
    }
},
{
    "model": "homes.stylecategory",
    "pk": 6,
    "fields": {
        "name": "Modern/Steel Frame"
    }
},
{
    "model": "homes.stylecategory",
    "pk": 7,
    "fields": {
        "name": "Green"
    }
},
{
    "model": "homes.stylecategory",
    "pk": 8,
    "fields": {
        "name": "Mansion"
    }
},
{
    "model": "homes.priceranges",
    "pk": 1,
    "fields": {
        "type": "UN",
        "price": 50000
    }
},
{
    "model": "homes.priceranges",
    "pk": 2,
    "fields": {
        "type": "UN",
        "price": 100000
    }
},
{
    "model": "homes.priceranges",
    "pk": 3,
    "fields": {
        "type": "UN",
        "price": 200000
    }
},
{
    "model": "homes.priceranges",
    "pk": 4,
    "fields": {
        "type": "UN",
        "price": 300000
    }
},
{
    "model": "homes.priceranges",
    "pk": 5,
    "fields": {
        "type": "OV",
        "price": 300000
    }
},
{
    "model": "homes.homepage",
    "pk": 30,
    "fields": {
        "code": "00001",
        "certified": true,
        "sqft": 160,
        "bedrooms": 3,
        "baths": 2.0,
        "stories": 2.0,
        "cost": 670000,
        "estimated_cost": 700000,
        "link": "http://www.link.com",
        "floorplans_link": "http://www.floorplans.com",
        "info": "Lorem Ipsum",
        "main_image": 2,
        "style": 1,
        "partner": 29
    }
},
{
    "model": "homes.floorplangalleryimage",
    "pk": 1,
    "fields": {
        "sort_order": 0,
        "page": 30,
        "image": 5,
        "caption": ""
    }
},
{
    "model": "homes.elevationgalleryimage",
    "pk": 1,
    "fields": {
        "sort_order": 0,
        "page": 30,
        "image": 6,
        "caption": ""
    }
},
{
    "model": "partners.partnersindexpage",
    "pk": 9,
    "fields": {}
},
{
    "model": "partners.partnertypepage",
    "pk": 13,
    "fields": {
        "intro": "Lorem Ipsum"
    }
},
{
    "model": "partners.partnertypepage",
    "pk": 14,
    "fields": {
        "intro": "Lorem Ipsum"
    }
},
{
    "model": "partners.partnerpage",
    "pk": 29,
    "fields": {
        "name": "Manufacturer 1",
        "logo": 3,
        "phone": "1231231234",
        "website": "http://www.test.com",
        "main_image": 2,
        "locations": [
            1,
            2,
            3
        ]
    }
},
{
    "model": "articles.articlesindexpage",
    "pk": 7,
    "fields": {}
},
{
    "model": "flexible.flexibleonecolumnpage",
    "pk": 6,
    "fields": {
        "body": "[{\"type\": \"hero\", \"value\": {\"heading\": \"We Give You the Resources and Freedom to Build Your Dream Home\", \"introduction\": \"Let's start with finding the type of modular home you're interested in\", \"image\": 4, \"search_button_text\": \"Search Homes\", \"filter_bar_text\": \"Just looking for the right price range? Find homes...\"}, \"id\": \"0e8a1491-18b9-4634-a3a6-deee47836f6d\"}, {\"type\": \"resourcesCTA\", \"value\": {\"style\": \"WH\"}, \"id\": \"c4662919-f520-44bd-98ce-3a195796be5e\"}, {\"type\": \"paragraph\", \"value\": \"<p>Mauris blandit aliquet elit, eget tincidunt nibh pulvinar a. Nulla quis lorem ut libero malesuada feugiat. Cras ultricies ligula sed magna dictum porta. Vivamus magna justo, lacinia eget consectetur sed, convallis at tellus. Vivamus suscipit tortor eget felis porttitor volutpat. Nulla quis lorem ut libero malesuada feugiat. Vestibulum ante ipsum primis in faucibus orci luctus et ultrices posuere cubilia Curae; Donec velit neque, auctor sit amet aliquam vel, ullamcorper sit amet ligula. Vivamus magna justo, lacinia eget consectetur sed, convallis at tellus. Praesent sapien massa, convallis a pellentesque nec, egestas non nisi. Pellentesque in ipsum id orci porta dapibus. Donec rutrum congue leo eget malesuada. Quisque velit nisi, pretium ut lacinia in, elementum id enim. Sed porttitor lectus nibh. Curabitur non nulla sit amet nisl tempus convallis quis ac lectus. Donec sollicitudin molestie malesuada. Curabitur non nulla sit amet nisl tempus convallis quis ac lectus. Lorem ipsum dolor sit amet, consectetur adipiscing elit. Curabitur arcu erat, accumsan id imperdiet et, porttitor at sem. Proin eget tortor risus. Donec rutrum congue leo eget malesuada.</p>\", \"id\": \"4d17a1ca-71e0-4643-b079-04e24483cb1b\"}]"
    }
},
{
    "model": "flexible.flexibleonecolumnpage",
    "pk": 11,
    "fields": {
        "body": "[{\"type\": \"paragraph\", \"value\": \"<p>Curabitur non nulla sit amet nisl tempus convallis quis ac lectus. Vivamus magna justo, lacinia eget consectetur sed, convallis at tellus. Nulla quis lorem ut libero malesuada feugiat. Proin eget tortor risus. Lorem ipsum dolor sit amet, consectetur adipiscing elit. Vivamus magna justo, lacinia eget consectetur sed, convallis at tellus. Curabitur non nulla sit amet nisl tempus convallis quis ac lectus. Quisque velit nisi, pretium ut lacinia in, elementum id enim. Donec sollicitudin molestie malesuada. Donec rutrum congue leo eget malesuada. Pellentesque in ipsum id orci porta dapibus. Sed porttitor lectus nibh. Vestibulum ante ipsum primis in faucibus orci luctus et ultrices posuere cubilia Curae; Donec velit neque, auctor sit amet aliquam vel, ullamcorper sit amet ligula. Quisque velit nisi, pretium ut lacinia in, elementum id enim. Vivamus suscipit tortor eget felis porttitor volutpat. Curabitur non nulla sit amet nisl tempus convallis quis ac lectus. Vivamus magna justo, lacinia eget consectetur sed, convallis at tellus. Donec sollicitudin molestie malesuada. Curabitur non nulla sit amet nisl tempus convallis quis ac lectus. Curabitur arcu erat, accumsan id imperdiet et, porttitor at sem.</p>\", \"id\": \"63239d93-9f76-48c9-b355-021134c4cba9\"}]"
    }
},
{
    "model": "flexible.flexibleonecolumnpage",
    "pk": 15,
    "fields": {
        "body": "[{\"type\": \"headingH1\", \"value\": \"Ask us anything\", \"id\": \"44cfd12d-b738-494b-91f8-6a802023c5ea\"}]"
    }
},
{
    "model": "flexible.flexibleonecolumnpage",
    "pk": 16,
    "fields": {
        "body": "[{\"type\": \"paragraph\", \"value\": \"<p>Vestibulum ante ipsum primis in faucibus orci luctus et ultrices posuere cubilia Curae; Donec velit neque, auctor sit amet aliquam vel, ullamcorper sit amet ligula. Curabitur non nulla sit amet nisl tempus convallis quis ac lectus. Quisque velit nisi, pretium ut lacinia in, elementum id enim. Vestibulum ac diam sit amet quam vehicula elementum sed sit amet dui. Donec sollicitudin molestie malesuada.</p>\", \"id\": \"f80f0042-664d-43e4-b309-a4dc1150d4a0\"}]"
    }
},
{
    "model": "flexible.flexibleonecolumnpage",
    "pk": 17,
    "fields": {
        "body": "[{\"type\": \"paragraph\", \"value\": \"<p>Vestibulum ante ipsum primis in faucibus orci luctus et ultrices posuere cubilia Curae; Donec velit neque, auctor sit amet aliquam vel, ullamcorper sit amet ligula. Curabitur non nulla sit amet nisl tempus convallis quis ac lectus. Quisque velit nisi, pretium ut lacinia in, elementum id enim. Vestibulum ac diam sit amet quam vehicula elementum sed sit amet dui. Donec sollicitudin molestie malesuada.</p>\", \"id\": \"95de10e1-10d4-4265-9419-0dbb51f147f9\"}]"
    }
},
{
    "model": "flexible.flexibleonecolumnpage",
    "pk": 28,
    "fields": {
        "body": "[{\"type\": \"paragraph\", \"value\": \"<p>Praesent sapien massa, convallis a pellentesque nec, egestas non nisi. Nulla porttitor accumsan tincidunt. Pellentesque in ipsum id orci porta dapibus. Vivamus suscipit tortor eget felis porttitor volutpat. Proin eget tortor risus.</p>\", \"id\": \"04609496-8d95-481f-97a6-aea92acd979e\"}]"
    }
},
{
    "model": "resources.resourcesindexpage",
    "pk": 10,
    "fields": {}
},
{
    "model": "resources.resourcepage",
    "pk": 18,
    "fields": {}
},
{
    "model": "resources.resourcepage",
    "pk": 19,
    "fields": {}
},
{
    "model": "resources.resourcepage",
    "pk": 20,
    "fields": {}
},
{
    "model": "resources.resourcepage",
    "pk": 21,
    "fields": {}
},
{
    "model": "resources.resourcepage",
    "pk": 22,
    "fields": {}
},
{
    "model": "resources.resourcepage",
    "pk": 23,
    "fields": {}
},
{
    "model": "resources.resourcepage",
    "pk": 24,
    "fields": {}
},
{
    "model": "resources.resourcepage",
    "pk": 25,
    "fields": {}
},
{
    "model": "resources.resourcepage",
    "pk": 26,
    "fields": {}
},
{
    "model": "resources.resourcepage",
    "pk": 27,
    "fields": {}
}
]
